Feb 08, 2026 7:15:42 AM org.apache.karaf.main.Main launch
INFO: Installing and starting initial bundles
Feb 08, 2026 7:15:42 AM org.apache.karaf.main.Main launch
INFO: All initial bundles installed and set to start
Feb 08, 2026 7:15:42 AM org.apache.karaf.main.lock.SimpleFileLock lock
INFO: Trying to lock /opt/karaf/lock
Feb 08, 2026 7:15:42 AM org.apache.karaf.main.lock.SimpleFileLock lock
INFO: Lock acquired
Feb 08, 2026 7:15:42 AM org.apache.karaf.main.Main$KarafLockCallback lockAcquired
INFO: Lock acquired. Setting startlevel to 100
2026-02-08T07:15:43,139 | INFO  | CM Configuration Updater (Update: pid=org.ops4j.pax.logging) | EventAdminConfigurationNotifier  | 5 - org.ops4j.pax.logging.pax-logging-log4j2 - 2.2.7 | Sending Event Admin notification (configuration successful) to org/ops4j/pax/logging/Configuration
2026-02-08T07:15:43,581 | INFO  | activator-1-thread-2 | FeaturesServiceImpl              | 19 - org.apache.karaf.features.core - 4.4.6 | Adding features: webconsole/[4.4.6,4.4.6],package/[4.4.6,4.4.6],bundle/[4.4.6,4.4.6],feature/[4.4.6,4.4.6],deployer/[4.4.6,4.4.6],diagnostic/[4.4.6,4.4.6],ssh/[4.4.6,4.4.6],framework/[4.4.6,4.4.6],kar/[4.4.6,4.4.6],management/[4.4.6,4.4.6],eventadmin/[4.4.6,4.4.6],war/[4.4.6,4.4.6],config/[4.4.6,4.4.6],log/[4.4.6,4.4.6],shell/[4.4.6,4.4.6],instance/[4.4.6,4.4.6],jaas/[4.4.6,4.4.6],wrap/[2.6.14,2.6.14],system/[4.4.6,4.4.6],service/[4.4.6,4.4.6]
2026-02-08T07:15:45,455 | INFO  | features-3-thread-1 | FeaturesServiceImpl              | 19 - org.apache.karaf.features.core - 4.4.6 | Changes to perform:
2026-02-08T07:15:45,456 | INFO  | features-3-thread-1 | FeaturesServiceImpl              | 19 - org.apache.karaf.features.core - 4.4.6 |   Region: root
2026-02-08T07:15:45,456 | INFO  | features-3-thread-1 | FeaturesServiceImpl              | 19 - org.apache.karaf.features.core - 4.4.6 |     Bundles to install:
2026-02-08T07:15:45,456 | INFO  | features-3-thread-1 | FeaturesServiceImpl              | 19 - org.apache.karaf.features.core - 4.4.6 |       mvn:org.bouncycastle/bcpkix-jdk18on/1.77
2026-02-08T07:15:45,456 | INFO  | features-3-thread-1 | FeaturesServiceImpl              | 19 - org.apache.karaf.features.core - 4.4.6 |       mvn:org.bouncycastle/bcprov-jdk18on/1.77
2026-02-08T07:15:45,457 | INFO  | features-3-thread-1 | FeaturesServiceImpl              | 19 - org.apache.karaf.features.core - 4.4.6 |       mvn:org.bouncycastle/bcutil-jdk18on/1.77
2026-02-08T07:15:45,457 | INFO  | features-3-thread-1 | FeaturesServiceImpl              | 19 - org.apache.karaf.features.core - 4.4.6 |       mvn:jakarta.servlet/jakarta.servlet-api/4.0.4
2026-02-08T07:15:45,457 | INFO  | features-3-thread-1 | FeaturesServiceImpl              | 19 - org.apache.karaf.features.core - 4.4.6 |       mvn:jakarta.el/jakarta.el-api/3.0.3
2026-02-08T07:15:45,457 | INFO  | features-3-thread-1 | FeaturesServiceImpl              | 19 - org.apache.karaf.features.core - 4.4.6 |       mvn:jakarta.websocket/jakarta.websocket-api/1.1.2
2026-02-08T07:15:45,457 | INFO  | features-3-thread-1 | FeaturesServiceImpl              | 19 - org.apache.karaf.features.core - 4.4.6 |       mvn:org.apache.aries.jmx/org.apache.aries.jmx.api/1.1.5
2026-02-08T07:15:45,458 | INFO  | features-3-thread-1 | FeaturesServiceImpl              | 19 - org.apache.karaf.features.core - 4.4.6 |       mvn:org.apache.aries.jmx/org.apache.aries.jmx.core/1.1.8
2026-02-08T07:15:45,458 | INFO  | features-3-thread-1 | FeaturesServiceImpl              | 19 - org.apache.karaf.features.core - 4.4.6 |       mvn:org.apache.aries.jmx/org.apache.aries.jmx.whiteboard/1.2.0
2026-02-08T07:15:45,458 | INFO  | features-3-thread-1 | FeaturesServiceImpl              | 19 - org.apache.karaf.features.core - 4.4.6 |       mvn:org.apache.aries/org.apache.aries.util/1.1.3
2026-02-08T07:15:45,458 | INFO  | features-3-thread-1 | FeaturesServiceImpl              | 19 - org.apache.karaf.features.core - 4.4.6 |       mvn:org.apache.felix/org.apache.felix.webconsole.plugins.event/1.1.8
2026-02-08T07:15:45,458 | INFO  | features-3-thread-1 | FeaturesServiceImpl              | 19 - org.apache.karaf.features.core - 4.4.6 |       mvn:org.apache.felix/org.apache.felix.webconsole.plugins.memoryusage/1.0.10
2026-02-08T07:15:45,459 | INFO  | features-3-thread-1 | FeaturesServiceImpl              | 19 - org.apache.karaf.features.core - 4.4.6 |       mvn:org.apache.karaf.bundle/org.apache.karaf.bundle.core/4.4.6
2026-02-08T07:15:45,459 | INFO  | features-3-thread-1 | FeaturesServiceImpl              | 19 - org.apache.karaf.features.core - 4.4.6 |       mvn:org.apache.karaf.config/org.apache.karaf.config.command/4.4.6
2026-02-08T07:15:45,460 | INFO  | features-3-thread-1 | FeaturesServiceImpl              | 19 - org.apache.karaf.features.core - 4.4.6 |       mvn:org.apache.karaf.deployer/org.apache.karaf.deployer.features/4.4.6
2026-02-08T07:15:45,460 | INFO  | features-3-thread-1 | FeaturesServiceImpl              | 19 - org.apache.karaf.features.core - 4.4.6 |       mvn:org.apache.karaf.deployer/org.apache.karaf.deployer.kar/4.4.6
2026-02-08T07:15:45,460 | INFO  | features-3-thread-1 | FeaturesServiceImpl              | 19 - org.apache.karaf.features.core - 4.4.6 |       mvn:org.apache.karaf.deployer/org.apache.karaf.deployer.wrap/4.4.6
2026-02-08T07:15:45,460 | INFO  | features-3-thread-1 | FeaturesServiceImpl              | 19 - org.apache.karaf.features.core - 4.4.6 |       mvn:org.apache.karaf.diagnostic/org.apache.karaf.diagnostic.core/4.4.6
2026-02-08T07:15:45,460 | INFO  | features-3-thread-1 | FeaturesServiceImpl              | 19 - org.apache.karaf.features.core - 4.4.6 |       mvn:org.apache.karaf/org.apache.karaf.event/4.4.6
2026-02-08T07:15:45,460 | INFO  | features-3-thread-1 | FeaturesServiceImpl              | 19 - org.apache.karaf.features.core - 4.4.6 |       mvn:org.apache.karaf.features/org.apache.karaf.features.command/4.4.6
2026-02-08T07:15:45,461 | INFO  | features-3-thread-1 | FeaturesServiceImpl              | 19 - org.apache.karaf.features.core - 4.4.6 |       mvn:org.apache.karaf.http/org.apache.karaf.http.core/4.4.6
2026-02-08T07:15:45,461 | INFO  | features-3-thread-1 | FeaturesServiceImpl              | 19 - org.apache.karaf.features.core - 4.4.6 |       mvn:org.apache.karaf.instance/org.apache.karaf.instance.core/4.4.6
2026-02-08T07:15:45,461 | INFO  | features-3-thread-1 | FeaturesServiceImpl              | 19 - org.apache.karaf.features.core - 4.4.6 |       mvn:org.apache.karaf.jaas/org.apache.karaf.jaas.command/4.4.6
2026-02-08T07:15:45,461 | INFO  | features-3-thread-1 | FeaturesServiceImpl              | 19 - org.apache.karaf.features.core - 4.4.6 |       mvn:org.apache.karaf.jaas/org.apache.karaf.jaas.config/4.4.6
2026-02-08T07:15:45,461 | INFO  | features-3-thread-1 | FeaturesServiceImpl              | 19 - org.apache.karaf.features.core - 4.4.6 |       mvn:org.apache.karaf.jaas/org.apache.karaf.jaas.modules/4.4.6
2026-02-08T07:15:45,461 | INFO  | features-3-thread-1 | FeaturesServiceImpl              | 19 - org.apache.karaf.features.core - 4.4.6 |       mvn:org.apache.karaf.kar/org.apache.karaf.kar.core/4.4.6
2026-02-08T07:15:45,462 | INFO  | features-3-thread-1 | FeaturesServiceImpl              | 19 - org.apache.karaf.features.core - 4.4.6 |       mvn:org.apache.karaf.log/org.apache.karaf.log.core/4.4.6
2026-02-08T07:15:45,462 | INFO  | features-3-thread-1 | FeaturesServiceImpl              | 19 - org.apache.karaf.features.core - 4.4.6 |       mvn:org.apache.karaf.management/org.apache.karaf.management.server/4.4.6
2026-02-08T07:15:45,462 | INFO  | features-3-thread-1 | FeaturesServiceImpl              | 19 - org.apache.karaf.features.core - 4.4.6 |       mvn:org.apache.karaf.package/org.apache.karaf.package.core/4.4.6
2026-02-08T07:15:45,462 | INFO  | features-3-thread-1 | FeaturesServiceImpl              | 19 - org.apache.karaf.features.core - 4.4.6 |       mvn:org.apache.karaf.service/org.apache.karaf.service.core/4.4.6
2026-02-08T07:15:45,462 | INFO  | features-3-thread-1 | FeaturesServiceImpl              | 19 - org.apache.karaf.features.core - 4.4.6 |       mvn:org.apache.karaf.shell/org.apache.karaf.shell.commands/4.4.6
2026-02-08T07:15:45,462 | INFO  | features-3-thread-1 | FeaturesServiceImpl              | 19 - org.apache.karaf.features.core - 4.4.6 |       mvn:org.apache.karaf.shell/org.apache.karaf.shell.core/4.4.6
2026-02-08T07:15:45,463 | INFO  | features-3-thread-1 | FeaturesServiceImpl              | 19 - org.apache.karaf.features.core - 4.4.6 |       mvn:org.apache.karaf.shell/org.apache.karaf.shell.ssh/4.4.6
2026-02-08T07:15:45,463 | INFO  | features-3-thread-1 | FeaturesServiceImpl              | 19 - org.apache.karaf.features.core - 4.4.6 |       mvn:org.apache.karaf.system/org.apache.karaf.system.core/4.4.6
2026-02-08T07:15:45,463 | INFO  | features-3-thread-1 | FeaturesServiceImpl              | 19 - org.apache.karaf.features.core - 4.4.6 |       mvn:org.apache.karaf.web/org.apache.karaf.web.core/4.4.6
2026-02-08T07:15:45,463 | INFO  | features-3-thread-1 | FeaturesServiceImpl              | 19 - org.apache.karaf.features.core - 4.4.6 |       mvn:org.apache.karaf.webconsole/org.apache.karaf.webconsole.console/4.4.6
2026-02-08T07:15:45,463 | INFO  | features-3-thread-1 | FeaturesServiceImpl              | 19 - org.apache.karaf.features.core - 4.4.6 |       mvn:org.apache.karaf.webconsole/org.apache.karaf.webconsole.features/4.4.6
2026-02-08T07:15:45,463 | INFO  | features-3-thread-1 | FeaturesServiceImpl              | 19 - org.apache.karaf.features.core - 4.4.6 |       mvn:org.apache.karaf.webconsole/org.apache.karaf.webconsole.gogo/4.4.6
2026-02-08T07:15:45,464 | INFO  | features-3-thread-1 | FeaturesServiceImpl              | 19 - org.apache.karaf.features.core - 4.4.6 |       mvn:org.apache.karaf.webconsole/org.apache.karaf.webconsole.http/4.4.6
2026-02-08T07:15:45,464 | INFO  | features-3-thread-1 | FeaturesServiceImpl              | 19 - org.apache.karaf.features.core - 4.4.6 |       mvn:org.apache.karaf.webconsole/org.apache.karaf.webconsole.instance/4.4.6
2026-02-08T07:15:45,464 | INFO  | features-3-thread-1 | FeaturesServiceImpl              | 19 - org.apache.karaf.features.core - 4.4.6 |       mvn:org.apache.sshd/sshd-osgi/2.12.1
2026-02-08T07:15:45,464 | INFO  | features-3-thread-1 | FeaturesServiceImpl              | 19 - org.apache.karaf.features.core - 4.4.6 |       mvn:org.apache.sshd/sshd-scp/2.12.1
2026-02-08T07:15:45,464 | INFO  | features-3-thread-1 | FeaturesServiceImpl              | 19 - org.apache.karaf.features.core - 4.4.6 |       mvn:org.apache.sshd/sshd-sftp/2.12.1
2026-02-08T07:15:45,464 | INFO  | features-3-thread-1 | FeaturesServiceImpl              | 19 - org.apache.karaf.features.core - 4.4.6 |       mvn:org.eclipse.jdt/ecj/3.26.0
2026-02-08T07:15:45,465 | INFO  | features-3-thread-1 | FeaturesServiceImpl              | 19 - org.apache.karaf.features.core - 4.4.6 |       mvn:org.eclipse.jetty/jetty-client/9.4.54.v20240208
2026-02-08T07:15:45,465 | INFO  | features-3-thread-1 | FeaturesServiceImpl              | 19 - org.apache.karaf.features.core - 4.4.6 |       mvn:org.eclipse.jetty/jetty-continuation/9.4.54.v20240208
2026-02-08T07:15:45,465 | INFO  | features-3-thread-1 | FeaturesServiceImpl              | 19 - org.apache.karaf.features.core - 4.4.6 |       mvn:org.eclipse.jetty/jetty-http/9.4.54.v20240208
2026-02-08T07:15:45,465 | INFO  | features-3-thread-1 | FeaturesServiceImpl              | 19 - org.apache.karaf.features.core - 4.4.6 |       mvn:org.eclipse.jetty/jetty-io/9.4.54.v20240208
2026-02-08T07:15:45,465 | INFO  | features-3-thread-1 | FeaturesServiceImpl              | 19 - org.apache.karaf.features.core - 4.4.6 |       mvn:org.eclipse.jetty/jetty-jaas/9.4.54.v20240208
2026-02-08T07:15:45,466 | INFO  | features-3-thread-1 | FeaturesServiceImpl              | 19 - org.apache.karaf.features.core - 4.4.6 |       mvn:org.eclipse.jetty/jetty-jmx/9.4.54.v20240208
2026-02-08T07:15:45,466 | INFO  | features-3-thread-1 | FeaturesServiceImpl              | 19 - org.apache.karaf.features.core - 4.4.6 |       mvn:org.eclipse.jetty/jetty-security/9.4.54.v20240208
2026-02-08T07:15:45,466 | INFO  | features-3-thread-1 | FeaturesServiceImpl              | 19 - org.apache.karaf.features.core - 4.4.6 |       mvn:org.eclipse.jetty/jetty-server/9.4.54.v20240208
2026-02-08T07:15:45,466 | INFO  | features-3-thread-1 | FeaturesServiceImpl              | 19 - org.apache.karaf.features.core - 4.4.6 |       mvn:org.eclipse.jetty/jetty-servlet/9.4.54.v20240208
2026-02-08T07:15:45,466 | INFO  | features-3-thread-1 | FeaturesServiceImpl              | 19 - org.apache.karaf.features.core - 4.4.6 |       mvn:org.eclipse.jetty/jetty-servlets/9.4.54.v20240208
2026-02-08T07:15:45,467 | INFO  | features-3-thread-1 | FeaturesServiceImpl              | 19 - org.apache.karaf.features.core - 4.4.6 |       mvn:org.eclipse.jetty/jetty-util/9.4.54.v20240208
2026-02-08T07:15:45,467 | INFO  | features-3-thread-1 | FeaturesServiceImpl              | 19 - org.apache.karaf.features.core - 4.4.6 |       mvn:org.eclipse.jetty/jetty-util-ajax/9.4.54.v20240208
2026-02-08T07:15:45,467 | INFO  | features-3-thread-1 | FeaturesServiceImpl              | 19 - org.apache.karaf.features.core - 4.4.6 |       mvn:org.eclipse.jetty/jetty-xml/9.4.54.v20240208
2026-02-08T07:15:45,467 | INFO  | features-3-thread-1 | FeaturesServiceImpl              | 19 - org.apache.karaf.features.core - 4.4.6 |       mvn:org.jline/jline/3.21.0
2026-02-08T07:15:45,467 | INFO  | features-3-thread-1 | FeaturesServiceImpl              | 19 - org.apache.karaf.features.core - 4.4.6 |       mvn:org.ops4j.pax.url/pax-url-war/2.6.14/jar/uber
2026-02-08T07:15:45,468 | INFO  | features-3-thread-1 | FeaturesServiceImpl              | 19 - org.apache.karaf.features.core - 4.4.6 |       mvn:org.ops4j.pax.url/pax-url-wrap/2.6.14/jar/uber
2026-02-08T07:15:45,468 | INFO  | features-3-thread-1 | FeaturesServiceImpl              | 19 - org.apache.karaf.features.core - 4.4.6 |       mvn:org.ops4j.pax.web/pax-web-api/8.0.27
2026-02-08T07:15:45,468 | INFO  | features-3-thread-1 | FeaturesServiceImpl              | 19 - org.apache.karaf.features.core - 4.4.6 |       mvn:org.ops4j.pax.web/pax-web-compatibility-el2/8.0.27
2026-02-08T07:15:45,468 | INFO  | features-3-thread-1 | FeaturesServiceImpl              | 19 - org.apache.karaf.features.core - 4.4.6 |       mvn:org.ops4j.pax.web/pax-web-compatibility-servlet31/8.0.27
2026-02-08T07:15:45,468 | INFO  | features-3-thread-1 | FeaturesServiceImpl              | 19 - org.apache.karaf.features.core - 4.4.6 |       mvn:org.ops4j.pax.web/pax-web-extender-war/8.0.27
2026-02-08T07:15:45,468 | INFO  | features-3-thread-1 | FeaturesServiceImpl              | 19 - org.apache.karaf.features.core - 4.4.6 |       mvn:org.ops4j.pax.web/pax-web-jetty/8.0.27
2026-02-08T07:15:45,469 | INFO  | features-3-thread-1 | FeaturesServiceImpl              | 19 - org.apache.karaf.features.core - 4.4.6 |       mvn:org.ops4j.pax.web/pax-web-jsp/8.0.27
2026-02-08T07:15:45,469 | INFO  | features-3-thread-1 | FeaturesServiceImpl              | 19 - org.apache.karaf.features.core - 4.4.6 |       mvn:org.ops4j.pax.web/pax-web-runtime/8.0.27
2026-02-08T07:15:45,469 | INFO  | features-3-thread-1 | FeaturesServiceImpl              | 19 - org.apache.karaf.features.core - 4.4.6 |       mvn:org.ops4j.pax.web/pax-web-spi/8.0.27
2026-02-08T07:15:45,469 | INFO  | features-3-thread-1 | FeaturesServiceImpl              | 19 - org.apache.karaf.features.core - 4.4.6 |       mvn:org.ops4j.pax.web/pax-web-tomcat-common/8.0.27
2026-02-08T07:15:45,469 | INFO  | features-3-thread-1 | FeaturesServiceImpl              | 19 - org.apache.karaf.features.core - 4.4.6 |       mvn:org.ops4j.pax.web/pax-web-websocket/8.0.27
2026-02-08T07:15:45,470 | INFO  | features-3-thread-1 | FeaturesServiceImpl              | 19 - org.apache.karaf.features.core - 4.4.6 | Installing bundles:
2026-02-08T07:15:45,470 | INFO  | features-3-thread-1 | FeaturesServiceImpl              | 19 - org.apache.karaf.features.core - 4.4.6 |   mvn:org.bouncycastle/bcpkix-jdk18on/1.77
2026-02-08T07:15:45,479 | INFO  | features-3-thread-1 | FeaturesServiceImpl              | 19 - org.apache.karaf.features.core - 4.4.6 |   mvn:org.bouncycastle/bcprov-jdk18on/1.77
2026-02-08T07:15:45,502 | INFO  | features-3-thread-1 | FeaturesServiceImpl              | 19 - org.apache.karaf.features.core - 4.4.6 |   mvn:org.bouncycastle/bcutil-jdk18on/1.77
2026-02-08T07:15:45,512 | INFO  | features-3-thread-1 | FeaturesServiceImpl              | 19 - org.apache.karaf.features.core - 4.4.6 |   mvn:jakarta.servlet/jakarta.servlet-api/4.0.4
2026-02-08T07:15:45,515 | INFO  | features-3-thread-1 | FeaturesServiceImpl              | 19 - org.apache.karaf.features.core - 4.4.6 |   mvn:jakarta.el/jakarta.el-api/3.0.3
2026-02-08T07:15:45,518 | INFO  | features-3-thread-1 | FeaturesServiceImpl              | 19 - org.apache.karaf.features.core - 4.4.6 |   mvn:jakarta.websocket/jakarta.websocket-api/1.1.2
2026-02-08T07:15:45,520 | INFO  | features-3-thread-1 | FeaturesServiceImpl              | 19 - org.apache.karaf.features.core - 4.4.6 |   mvn:org.apache.aries.jmx/org.apache.aries.jmx.api/1.1.5
2026-02-08T07:15:45,523 | INFO  | features-3-thread-1 | FeaturesServiceImpl              | 19 - org.apache.karaf.features.core - 4.4.6 |   mvn:org.apache.aries.jmx/org.apache.aries.jmx.core/1.1.8
2026-02-08T07:15:45,528 | INFO  | features-3-thread-1 | FeaturesServiceImpl              | 19 - org.apache.karaf.features.core - 4.4.6 |   mvn:org.apache.aries.jmx/org.apache.aries.jmx.whiteboard/1.2.0
2026-02-08T07:15:45,532 | INFO  | features-3-thread-1 | FeaturesServiceImpl              | 19 - org.apache.karaf.features.core - 4.4.6 |   mvn:org.apache.aries/org.apache.aries.util/1.1.3
2026-02-08T07:15:45,536 | INFO  | features-3-thread-1 | FeaturesServiceImpl              | 19 - org.apache.karaf.features.core - 4.4.6 |   mvn:org.apache.felix/org.apache.felix.webconsole.plugins.event/1.1.8
2026-02-08T07:15:45,539 | INFO  | features-3-thread-1 | FeaturesServiceImpl              | 19 - org.apache.karaf.features.core - 4.4.6 |   mvn:org.apache.felix/org.apache.felix.webconsole.plugins.memoryusage/1.0.10
2026-02-08T07:15:45,543 | INFO  | features-3-thread-1 | FeaturesServiceImpl              | 19 - org.apache.karaf.features.core - 4.4.6 |   mvn:org.apache.karaf.bundle/org.apache.karaf.bundle.core/4.4.6
2026-02-08T07:15:45,547 | INFO  | features-3-thread-1 | FeaturesServiceImpl              | 19 - org.apache.karaf.features.core - 4.4.6 |   mvn:org.apache.karaf.config/org.apache.karaf.config.command/4.4.6
2026-02-08T07:15:45,551 | INFO  | features-3-thread-1 | FeaturesServiceImpl              | 19 - org.apache.karaf.features.core - 4.4.6 |   mvn:org.apache.karaf.deployer/org.apache.karaf.deployer.features/4.4.6
2026-02-08T07:15:45,553 | INFO  | features-3-thread-1 | FeaturesServiceImpl              | 19 - org.apache.karaf.features.core - 4.4.6 |   mvn:org.apache.karaf.deployer/org.apache.karaf.deployer.kar/4.4.6
2026-02-08T07:15:45,557 | INFO  | features-3-thread-1 | FeaturesServiceImpl              | 19 - org.apache.karaf.features.core - 4.4.6 |   mvn:org.apache.karaf.deployer/org.apache.karaf.deployer.wrap/4.4.6
2026-02-08T07:15:45,560 | INFO  | features-3-thread-1 | FeaturesServiceImpl              | 19 - org.apache.karaf.features.core - 4.4.6 |   mvn:org.apache.karaf.diagnostic/org.apache.karaf.diagnostic.core/4.4.6
2026-02-08T07:15:45,563 | INFO  | features-3-thread-1 | FeaturesServiceImpl              | 19 - org.apache.karaf.features.core - 4.4.6 |   mvn:org.apache.karaf/org.apache.karaf.event/4.4.6
2026-02-08T07:15:45,566 | INFO  | features-3-thread-1 | FeaturesServiceImpl              | 19 - org.apache.karaf.features.core - 4.4.6 |   mvn:org.apache.karaf.features/org.apache.karaf.features.command/4.4.6
2026-02-08T07:15:45,570 | INFO  | features-3-thread-1 | FeaturesServiceImpl              | 19 - org.apache.karaf.features.core - 4.4.6 |   mvn:org.apache.karaf.http/org.apache.karaf.http.core/4.4.6
2026-02-08T07:15:45,575 | INFO  | features-3-thread-1 | FeaturesServiceImpl              | 19 - org.apache.karaf.features.core - 4.4.6 |   mvn:org.apache.karaf.instance/org.apache.karaf.instance.core/4.4.6
2026-02-08T07:15:45,579 | INFO  | features-3-thread-1 | FeaturesServiceImpl              | 19 - org.apache.karaf.features.core - 4.4.6 |   mvn:org.apache.karaf.jaas/org.apache.karaf.jaas.command/4.4.6
2026-02-08T07:15:45,584 | INFO  | features-3-thread-1 | FeaturesServiceImpl              | 19 - org.apache.karaf.features.core - 4.4.6 |   mvn:org.apache.karaf.jaas/org.apache.karaf.jaas.config/4.4.6
2026-02-08T07:15:45,587 | INFO  | features-3-thread-1 | FeaturesServiceImpl              | 19 - org.apache.karaf.features.core - 4.4.6 |   mvn:org.apache.karaf.jaas/org.apache.karaf.jaas.modules/4.4.6
2026-02-08T07:15:45,593 | INFO  | features-3-thread-1 | FeaturesServiceImpl              | 19 - org.apache.karaf.features.core - 4.4.6 |   mvn:org.apache.karaf.kar/org.apache.karaf.kar.core/4.4.6
2026-02-08T07:15:45,595 | INFO  | features-3-thread-1 | FeaturesServiceImpl              | 19 - org.apache.karaf.features.core - 4.4.6 |   mvn:org.apache.karaf.log/org.apache.karaf.log.core/4.4.6
2026-02-08T07:15:45,598 | INFO  | features-3-thread-1 | FeaturesServiceImpl              | 19 - org.apache.karaf.features.core - 4.4.6 |   mvn:org.apache.karaf.management/org.apache.karaf.management.server/4.4.6
2026-02-08T07:15:45,602 | INFO  | features-3-thread-1 | FeaturesServiceImpl              | 19 - org.apache.karaf.features.core - 4.4.6 |   mvn:org.apache.karaf.package/org.apache.karaf.package.core/4.4.6
2026-02-08T07:15:45,605 | INFO  | features-3-thread-1 | FeaturesServiceImpl              | 19 - org.apache.karaf.features.core - 4.4.6 |   mvn:org.apache.karaf.service/org.apache.karaf.service.core/4.4.6
2026-02-08T07:15:45,609 | INFO  | features-3-thread-1 | FeaturesServiceImpl              | 19 - org.apache.karaf.features.core - 4.4.6 |   mvn:org.apache.karaf.shell/org.apache.karaf.shell.commands/4.4.6
2026-02-08T07:15:45,613 | INFO  | features-3-thread-1 | FeaturesServiceImpl              | 19 - org.apache.karaf.features.core - 4.4.6 |   mvn:org.apache.karaf.shell/org.apache.karaf.shell.core/4.4.6
2026-02-08T07:15:45,617 | INFO  | features-3-thread-1 | FeaturesServiceImpl              | 19 - org.apache.karaf.features.core - 4.4.6 |   mvn:org.apache.karaf.shell/org.apache.karaf.shell.ssh/4.4.6
2026-02-08T07:15:45,620 | INFO  | features-3-thread-1 | FeaturesServiceImpl              | 19 - org.apache.karaf.features.core - 4.4.6 |   mvn:org.apache.karaf.system/org.apache.karaf.system.core/4.4.6
2026-02-08T07:15:45,623 | INFO  | features-3-thread-1 | FeaturesServiceImpl              | 19 - org.apache.karaf.features.core - 4.4.6 |   mvn:org.apache.karaf.web/org.apache.karaf.web.core/4.4.6
2026-02-08T07:15:45,627 | INFO  | features-3-thread-1 | FeaturesServiceImpl              | 19 - org.apache.karaf.features.core - 4.4.6 |   mvn:org.apache.karaf.webconsole/org.apache.karaf.webconsole.console/4.4.6
2026-02-08T07:15:45,631 | INFO  | features-3-thread-1 | FeaturesServiceImpl              | 19 - org.apache.karaf.features.core - 4.4.6 |   mvn:org.apache.karaf.webconsole/org.apache.karaf.webconsole.features/4.4.6
2026-02-08T07:15:45,634 | INFO  | features-3-thread-1 | FeaturesServiceImpl              | 19 - org.apache.karaf.features.core - 4.4.6 |   mvn:org.apache.karaf.webconsole/org.apache.karaf.webconsole.gogo/4.4.6
2026-02-08T07:15:45,638 | INFO  | features-3-thread-1 | FeaturesServiceImpl              | 19 - org.apache.karaf.features.core - 4.4.6 |   mvn:org.apache.karaf.webconsole/org.apache.karaf.webconsole.http/4.4.6
2026-02-08T07:15:45,641 | INFO  | features-3-thread-1 | FeaturesServiceImpl              | 19 - org.apache.karaf.features.core - 4.4.6 |   mvn:org.apache.karaf.webconsole/org.apache.karaf.webconsole.instance/4.4.6
2026-02-08T07:15:45,644 | INFO  | features-3-thread-1 | FeaturesServiceImpl              | 19 - org.apache.karaf.features.core - 4.4.6 |   mvn:org.apache.sshd/sshd-osgi/2.12.1
2026-02-08T07:15:45,649 | INFO  | features-3-thread-1 | FeaturesServiceImpl              | 19 - org.apache.karaf.features.core - 4.4.6 |   mvn:org.apache.sshd/sshd-scp/2.12.1
2026-02-08T07:15:45,652 | INFO  | features-3-thread-1 | FeaturesServiceImpl              | 19 - org.apache.karaf.features.core - 4.4.6 |   mvn:org.apache.sshd/sshd-sftp/2.12.1
2026-02-08T07:15:45,656 | INFO  | features-3-thread-1 | FeaturesServiceImpl              | 19 - org.apache.karaf.features.core - 4.4.6 |   mvn:org.eclipse.jdt/ecj/3.26.0
2026-02-08T07:15:45,663 | INFO  | features-3-thread-1 | FeaturesServiceImpl              | 19 - org.apache.karaf.features.core - 4.4.6 |   mvn:org.eclipse.jetty/jetty-client/9.4.54.v20240208
2026-02-08T07:15:45,667 | INFO  | features-3-thread-1 | FeaturesServiceImpl              | 19 - org.apache.karaf.features.core - 4.4.6 |   mvn:org.eclipse.jetty/jetty-continuation/9.4.54.v20240208
2026-02-08T07:15:45,671 | INFO  | features-3-thread-1 | FeaturesServiceImpl              | 19 - org.apache.karaf.features.core - 4.4.6 |   mvn:org.eclipse.jetty/jetty-http/9.4.54.v20240208
2026-02-08T07:15:45,674 | INFO  | features-3-thread-1 | FeaturesServiceImpl              | 19 - org.apache.karaf.features.core - 4.4.6 |   mvn:org.eclipse.jetty/jetty-io/9.4.54.v20240208
2026-02-08T07:15:45,679 | INFO  | features-3-thread-1 | FeaturesServiceImpl              | 19 - org.apache.karaf.features.core - 4.4.6 |   mvn:org.eclipse.jetty/jetty-jaas/9.4.54.v20240208
2026-02-08T07:15:45,682 | INFO  | features-3-thread-1 | FeaturesServiceImpl              | 19 - org.apache.karaf.features.core - 4.4.6 |   mvn:org.eclipse.jetty/jetty-jmx/9.4.54.v20240208
2026-02-08T07:15:45,685 | INFO  | features-3-thread-1 | FeaturesServiceImpl              | 19 - org.apache.karaf.features.core - 4.4.6 |   mvn:org.eclipse.jetty/jetty-security/9.4.54.v20240208
2026-02-08T07:15:45,689 | INFO  | features-3-thread-1 | FeaturesServiceImpl              | 19 - org.apache.karaf.features.core - 4.4.6 |   mvn:org.eclipse.jetty/jetty-server/9.4.54.v20240208
2026-02-08T07:15:45,694 | INFO  | features-3-thread-1 | FeaturesServiceImpl              | 19 - org.apache.karaf.features.core - 4.4.6 |   mvn:org.eclipse.jetty/jetty-servlet/9.4.54.v20240208
2026-02-08T07:15:45,697 | INFO  | features-3-thread-1 | FeaturesServiceImpl              | 19 - org.apache.karaf.features.core - 4.4.6 |   mvn:org.eclipse.jetty/jetty-servlets/9.4.54.v20240208
2026-02-08T07:15:45,700 | INFO  | features-3-thread-1 | FeaturesServiceImpl              | 19 - org.apache.karaf.features.core - 4.4.6 |   mvn:org.eclipse.jetty/jetty-util/9.4.54.v20240208
2026-02-08T07:15:45,703 | INFO  | features-3-thread-1 | FeaturesServiceImpl              | 19 - org.apache.karaf.features.core - 4.4.6 |   mvn:org.eclipse.jetty/jetty-util-ajax/9.4.54.v20240208
2026-02-08T07:15:45,706 | INFO  | features-3-thread-1 | FeaturesServiceImpl              | 19 - org.apache.karaf.features.core - 4.4.6 |   mvn:org.eclipse.jetty/jetty-xml/9.4.54.v20240208
2026-02-08T07:15:45,709 | INFO  | features-3-thread-1 | FeaturesServiceImpl              | 19 - org.apache.karaf.features.core - 4.4.6 |   mvn:org.jline/jline/3.21.0
2026-02-08T07:15:45,713 | INFO  | features-3-thread-1 | FeaturesServiceImpl              | 19 - org.apache.karaf.features.core - 4.4.6 |   mvn:org.ops4j.pax.url/pax-url-war/2.6.14/jar/uber
2026-02-08T07:15:45,719 | INFO  | features-3-thread-1 | FeaturesServiceImpl              | 19 - org.apache.karaf.features.core - 4.4.6 |   mvn:org.ops4j.pax.url/pax-url-wrap/2.6.14/jar/uber
2026-02-08T07:15:45,727 | INFO  | features-3-thread-1 | FeaturesServiceImpl              | 19 - org.apache.karaf.features.core - 4.4.6 |   mvn:org.ops4j.pax.web/pax-web-api/8.0.27
2026-02-08T07:15:45,731 | INFO  | features-3-thread-1 | FeaturesServiceImpl              | 19 - org.apache.karaf.features.core - 4.4.6 |   mvn:org.ops4j.pax.web/pax-web-compatibility-el2/8.0.27
2026-02-08T07:15:45,734 | INFO  | features-3-thread-1 | FeaturesServiceImpl              | 19 - org.apache.karaf.features.core - 4.4.6 |   mvn:org.ops4j.pax.web/pax-web-compatibility-servlet31/8.0.27
2026-02-08T07:15:45,737 | INFO  | features-3-thread-1 | FeaturesServiceImpl              | 19 - org.apache.karaf.features.core - 4.4.6 |   mvn:org.ops4j.pax.web/pax-web-extender-war/8.0.27
2026-02-08T07:15:45,742 | INFO  | features-3-thread-1 | FeaturesServiceImpl              | 19 - org.apache.karaf.features.core - 4.4.6 |   mvn:org.ops4j.pax.web/pax-web-jetty/8.0.27
2026-02-08T07:15:45,756 | INFO  | features-3-thread-1 | FeaturesServiceImpl              | 19 - org.apache.karaf.features.core - 4.4.6 |   mvn:org.ops4j.pax.web/pax-web-jsp/8.0.27
2026-02-08T07:15:45,761 | INFO  | features-3-thread-1 | FeaturesServiceImpl              | 19 - org.apache.karaf.features.core - 4.4.6 |   mvn:org.ops4j.pax.web/pax-web-runtime/8.0.27
2026-02-08T07:15:45,765 | INFO  | features-3-thread-1 | FeaturesServiceImpl              | 19 - org.apache.karaf.features.core - 4.4.6 |   mvn:org.ops4j.pax.web/pax-web-spi/8.0.27
2026-02-08T07:15:45,769 | INFO  | features-3-thread-1 | FeaturesServiceImpl              | 19 - org.apache.karaf.features.core - 4.4.6 |   mvn:org.ops4j.pax.web/pax-web-tomcat-common/8.0.27
2026-02-08T07:15:45,773 | INFO  | features-3-thread-1 | FeaturesServiceImpl              | 19 - org.apache.karaf.features.core - 4.4.6 |   mvn:org.ops4j.pax.web/pax-web-websocket/8.0.27
2026-02-08T07:15:45,822 | INFO  | features-3-thread-1 | FeaturesServiceImpl              | 19 - org.apache.karaf.features.core - 4.4.6 | Creating configuration file /opt/karaf/etc/jetty.xml
2026-02-08T07:15:45,899 | INFO  | features-3-thread-1 | FeaturesServiceImpl              | 19 - org.apache.karaf.features.core - 4.4.6 | Creating configuration file /opt/karaf/etc/jetty-web.xml
2026-02-08T07:15:46,078 | INFO  | features-3-thread-1 | FeaturesServiceImpl              | 19 - org.apache.karaf.features.core - 4.4.6 | Starting bundles:
2026-02-08T07:15:46,080 | INFO  | features-3-thread-1 | FeaturesServiceImpl              | 19 - org.apache.karaf.features.core - 4.4.6 |   org.ops4j.pax.url.wrap/2.6.14
2026-02-08T07:15:46,084 | INFO  | features-3-thread-1 | FeaturesServiceImpl              | 19 - org.apache.karaf.features.core - 4.4.6 |   org.apache.aries.util/1.1.3
2026-02-08T07:15:46,086 | INFO  | features-3-thread-1 | FeaturesServiceImpl              | 19 - org.apache.karaf.features.core - 4.4.6 |   org.apache.karaf.deployer.wrap/4.4.6
2026-02-08T07:15:46,091 | INFO  | features-3-thread-1 | FeaturesServiceImpl              | 19 - org.apache.karaf.features.core - 4.4.6 |   org.apache.karaf.deployer.kar/4.4.6
2026-02-08T07:15:46,093 | INFO  | features-3-thread-1 | FeaturesServiceImpl              | 19 - org.apache.karaf.features.core - 4.4.6 |   org.apache.karaf.deployer.features/4.4.6
2026-02-08T07:15:46,115 | INFO  | features-3-thread-1 | FeaturesServiceImpl              | 19 - org.apache.karaf.features.core - 4.4.6 |   org.eclipse.jetty.continuation/9.4.54.v20240208
2026-02-08T07:15:46,116 | INFO  | features-3-thread-1 | FeaturesServiceImpl              | 19 - org.apache.karaf.features.core - 4.4.6 |   org.apache.aries.jmx.whiteboard/1.2.0
2026-02-08T07:15:46,120 | INFO  | features-3-thread-1 | FeaturesServiceImpl              | 19 - org.apache.karaf.features.core - 4.4.6 |   bcprov/1.77.0
2026-02-08T07:15:46,122 | INFO  | features-3-thread-1 | FeaturesServiceImpl              | 19 - org.apache.karaf.features.core - 4.4.6 |   bcutil/1.77.0
2026-02-08T07:15:46,124 | INFO  | features-3-thread-1 | FeaturesServiceImpl              | 19 - org.apache.karaf.features.core - 4.4.6 |   bcpkix/1.77.0
2026-02-08T07:15:46,124 | INFO  | features-3-thread-1 | FeaturesServiceImpl              | 19 - org.apache.karaf.features.core - 4.4.6 |   org.apache.sshd.osgi/2.12.1
2026-02-08T07:15:46,125 | INFO  | features-3-thread-1 | FeaturesServiceImpl              | 19 - org.apache.karaf.features.core - 4.4.6 |   org.apache.sshd.scp/2.12.1
2026-02-08T07:15:46,126 | INFO  | features-3-thread-1 | FeaturesServiceImpl              | 19 - org.apache.karaf.features.core - 4.4.6 |   org.apache.sshd.sftp/2.12.1
2026-02-08T07:15:46,127 | INFO  | features-3-thread-1 | FeaturesServiceImpl              | 19 - org.apache.karaf.features.core - 4.4.6 |   org.jline/3.21.0
2026-02-08T07:15:46,128 | INFO  | features-3-thread-1 | FeaturesServiceImpl              | 19 - org.apache.karaf.features.core - 4.4.6 |   org.apache.karaf.shell.core/4.4.6
2026-02-08T07:15:46,145 | INFO  | features-3-thread-1 | CommandExtension                 | 51 - org.apache.karaf.shell.core - 4.4.6 | Registering commands for bundle org.apache.karaf.deployer.kar/4.4.6
2026-02-08T07:15:46,146 | INFO  | features-3-thread-1 | Activator                        | 51 - org.apache.karaf.shell.core - 4.4.6 | Not starting local console. To activate set karaf.startLocalConsole=true
2026-02-08T07:15:46,146 | INFO  | features-3-thread-1 | FeaturesServiceImpl              | 19 - org.apache.karaf.features.core - 4.4.6 |   jakarta.servlet-api/4.0.0
2026-02-08T07:15:46,149 | INFO  | features-3-thread-1 | FeaturesServiceImpl              | 19 - org.apache.karaf.features.core - 4.4.6 |   org.ops4j.pax.web.pax-web-api/8.0.27
2026-02-08T07:15:46,150 | INFO  | features-3-thread-1 | FeaturesServiceImpl              | 19 - org.apache.karaf.features.core - 4.4.6 |   javax.websocket-api/1.1.2
2026-02-08T07:15:46,152 | INFO  | features-3-thread-1 | FeaturesServiceImpl              | 19 - org.apache.karaf.features.core - 4.4.6 |   org.ops4j.pax.web.pax-web-spi/8.0.27
2026-02-08T07:15:46,154 | INFO  | features-3-thread-1 | FeaturesServiceImpl              | 19 - org.apache.karaf.features.core - 4.4.6 |   javax.el-api/3.0.3
2026-02-08T07:15:46,157 | INFO  | features-3-thread-1 | FeaturesServiceImpl              | 19 - org.apache.karaf.features.core - 4.4.6 |   org.eclipse.jdt.core.compiler.batch/3.26.0.v20210609-0549
2026-02-08T07:15:46,157 | INFO  | features-3-thread-1 | FeaturesServiceImpl              | 19 - org.apache.karaf.features.core - 4.4.6 |   org.ops4j.pax.web.pax-web-jsp/8.0.27
2026-02-08T07:15:46,158 | INFO  | features-3-thread-1 | FeaturesServiceImpl              | 19 - org.apache.karaf.features.core - 4.4.6 |   org.ops4j.pax.web.pax-web-tomcat-common/8.0.27
2026-02-08T07:15:46,159 | INFO  | features-3-thread-1 | FeaturesServiceImpl              | 19 - org.apache.karaf.features.core - 4.4.6 |   org.eclipse.jetty.util/9.4.54.v20240208
2026-02-08T07:15:46,160 | INFO  | features-3-thread-1 | FeaturesServiceImpl              | 19 - org.apache.karaf.features.core - 4.4.6 |   org.eclipse.jetty.jmx/9.4.54.v20240208
2026-02-08T07:15:46,161 | INFO  | features-3-thread-1 | FeaturesServiceImpl              | 19 - org.apache.karaf.features.core - 4.4.6 |   org.eclipse.jetty.io/9.4.54.v20240208
2026-02-08T07:15:46,163 | INFO  | features-3-thread-1 | FeaturesServiceImpl              | 19 - org.apache.karaf.features.core - 4.4.6 |   org.eclipse.jetty.http/9.4.54.v20240208
2026-02-08T07:15:46,165 | INFO  | features-3-thread-1 | FeaturesServiceImpl              | 19 - org.apache.karaf.features.core - 4.4.6 |   org.eclipse.jetty.server/9.4.54.v20240208
2026-02-08T07:15:46,166 | INFO  | features-3-thread-1 | FeaturesServiceImpl              | 19 - org.apache.karaf.features.core - 4.4.6 |   org.eclipse.jetty.security/9.4.54.v20240208
2026-02-08T07:15:46,166 | INFO  | features-3-thread-1 | FeaturesServiceImpl              | 19 - org.apache.karaf.features.core - 4.4.6 |   org.eclipse.jetty.util.ajax/9.4.54.v20240208
2026-02-08T07:15:46,168 | INFO  | features-3-thread-1 | FeaturesServiceImpl              | 19 - org.apache.karaf.features.core - 4.4.6 |   org.eclipse.jetty.servlet/9.4.54.v20240208
2026-02-08T07:15:46,169 | INFO  | features-3-thread-1 | FeaturesServiceImpl              | 19 - org.apache.karaf.features.core - 4.4.6 |   org.eclipse.jetty.xml/9.4.54.v20240208
2026-02-08T07:15:46,171 | INFO  | features-3-thread-1 | FeaturesServiceImpl              | 19 - org.apache.karaf.features.core - 4.4.6 |   org.eclipse.jetty.jaas/9.4.54.v20240208
2026-02-08T07:15:46,172 | INFO  | features-3-thread-1 | FeaturesServiceImpl              | 19 - org.apache.karaf.features.core - 4.4.6 |   org.eclipse.jetty.servlets/9.4.54.v20240208
2026-02-08T07:15:46,173 | INFO  | features-3-thread-1 | FeaturesServiceImpl              | 19 - org.apache.karaf.features.core - 4.4.6 |   org.ops4j.pax.web.pax-web-jetty/8.0.27
2026-02-08T07:15:46,187 | INFO  | features-3-thread-1 | log                              | 74 - org.eclipse.jetty.util - 9.4.54.v20240208 | Logging initialized @3830ms to org.eclipse.jetty.util.log.Slf4jLog
2026-02-08T07:15:46,192 | INFO  | features-3-thread-1 | FeaturesServiceImpl              | 19 - org.apache.karaf.features.core - 4.4.6 |   org.ops4j.pax.web.pax-web-runtime/8.0.27
2026-02-08T07:15:46,201 | INFO  | CM Configuration Updater (ManagedService Update: pid=[org.ops4j.pax.web]) | Activator                        | 86 - org.ops4j.pax.web.pax-web-runtime - 8.0.27 | Scheduling Pax Web reconfiguration because configuration has changed
2026-02-08T07:15:46,202 | INFO  | features-3-thread-1 | Activator                        | 86 - org.ops4j.pax.web.pax-web-runtime - 8.0.27 | EventAdmin support enabled, WAB events will be posted to EventAdmin topics.
2026-02-08T07:15:46,202 | INFO  | paxweb-config-1-thread-1 (change config) | Activator                        | 86 - org.ops4j.pax.web.pax-web-runtime - 8.0.27 | Scheduling Pax Web reconfiguration because ServerControllerFactory has been registered
2026-02-08T07:15:46,202 | INFO  | features-3-thread-1 | Activator                        | 86 - org.ops4j.pax.web.pax-web-runtime - 8.0.27 | Pax Web Runtime started
2026-02-08T07:15:46,203 | INFO  | features-3-thread-1 | FeaturesServiceImpl              | 19 - org.apache.karaf.features.core - 4.4.6 |   org.apache.karaf.http.core/4.4.6
2026-02-08T07:15:46,216 | INFO  | features-3-thread-1 | CommandExtension                 | 51 - org.apache.karaf.shell.core - 4.4.6 | Command registration delayed for bundle org.apache.karaf.http.core/4.4.6. Missing service: [org.apache.karaf.http.core.ProxyService]
2026-02-08T07:15:46,216 | INFO  | features-3-thread-1 | FeaturesServiceImpl              | 19 - org.apache.karaf.features.core - 4.4.6 |   org.apache.karaf.diagnostic.core/4.4.6
2026-02-08T07:15:46,221 | INFO  | features-3-thread-1 | CommandExtension                 | 51 - org.apache.karaf.shell.core - 4.4.6 | Registering commands for bundle org.apache.karaf.diagnostic.core/4.4.6
2026-02-08T07:15:46,223 | INFO  | features-3-thread-1 | FeaturesServiceImpl              | 19 - org.apache.karaf.features.core - 4.4.6 |   org.apache.karaf.jaas.config/4.4.6
2026-02-08T07:15:46,228 | INFO  | features-3-thread-1 | FeaturesServiceImpl              | 19 - org.apache.karaf.features.core - 4.4.6 |   org.apache.karaf.management.server/4.4.6
2026-02-08T07:15:46,236 | INFO  | paxweb-config-1-thread-1 (change controller) | Activator                        | 86 - org.ops4j.pax.web.pax-web-runtime - 8.0.27 | Configuring server controller org.ops4j.pax.web.service.jetty.internal.JettyServerController
2026-02-08T07:15:46,236 | INFO  | features-3-thread-1 | FeaturesServiceImpl              | 19 - org.apache.karaf.features.core - 4.4.6 |   org.apache.karaf.webconsole.console/4.4.6
2026-02-08T07:15:46,237 | INFO  | paxweb-config-1-thread-1 (change controller) | JettyServerController            | 84 - org.ops4j.pax.web.pax-web-jetty - 8.0.27 | Configuring JettyServerController{configuration=b92f5cc2-40d0-4633-99d3-384e9071e713,state=UNCONFIGURED}
2026-02-08T07:15:46,236 | INFO  | activator-1-thread-1 | Activator                        | 47 - org.apache.karaf.management.server - 4.4.6 | Setting java.rmi.server.hostname system property to 127.0.0.1
2026-02-08T07:15:46,237 | INFO  | paxweb-config-1-thread-1 (change controller) | JettyServerWrapper               | 84 - org.ops4j.pax.web.pax-web-jetty - 8.0.27 | Creating Jetty server instance using configuration properties.
2026-02-08T07:15:46,256 | INFO  | paxweb-config-1-thread-1 (change controller) | JettyServerWrapper               | 84 - org.ops4j.pax.web.pax-web-jetty - 8.0.27 | No external Jetty configuration files specified. Default/PID configuration will be used.
2026-02-08T07:15:46,306 | INFO  | paxweb-config-1-thread-1 (change controller) | JettyServerWrapper               | 84 - org.ops4j.pax.web.pax-web-jetty - 8.0.27 | Creating non secure connector for address 0.0.0.0:8181
2026-02-08T07:15:46,323 | INFO  | features-3-thread-1 | FeaturesServiceImpl              | 19 - org.apache.karaf.features.core - 4.4.6 |   org.apache.karaf.service.core/4.4.6
2026-02-08T07:15:46,324 | INFO  | paxweb-config-1-thread-1 (change controller) | JettyFactory                     | 84 - org.ops4j.pax.web.pax-web-jetty - 8.0.27 | Default Jetty connector created: default@1e4647b1{HTTP/1.1, (http/1.1)}{0.0.0.0:8181}
2026-02-08T07:15:46,325 | INFO  | paxweb-config-1-thread-1 (change controller) | JettyServerWrapper               | 84 - org.ops4j.pax.web.pax-web-jetty - 8.0.27 | Eagerly starting Jetty thread pool QueuedThreadPool[qtp82636438]@4ecee96{STOPPED,0<=0<=200,i=0,r=-1,q=0}[NO_TRY]
2026-02-08T07:15:46,329 | INFO  | paxweb-config-1-thread-1 (change controller) | JettyFactory                     | 84 - org.ops4j.pax.web.pax-web-jetty - 8.0.27 | Adding JMX support to Jetty server
2026-02-08T07:15:46,332 | INFO  | features-3-thread-1 | CommandExtension                 | 51 - org.apache.karaf.shell.core - 4.4.6 | Registering commands for bundle org.apache.karaf.service.core/4.4.6
2026-02-08T07:15:46,335 | INFO  | features-3-thread-1 | FeaturesServiceImpl              | 19 - org.apache.karaf.features.core - 4.4.6 |   org.apache.karaf.shell.commands/4.4.6
2026-02-08T07:15:46,337 | WARN  | activator-1-thread-1 | Activator                        | 47 - org.apache.karaf.management.server - 4.4.6 | java.rmi.server.hostname system property is already set to 127.0.0.1. Apache Karaf doesn't override it
2026-02-08T07:15:46,355 | INFO  | features-3-thread-1 | CommandExtension                 | 51 - org.apache.karaf.shell.core - 4.4.6 | Registering commands for bundle org.apache.karaf.shell.commands/4.4.6
2026-02-08T07:15:46,355 | INFO  | paxweb-config-1-thread-1 (change controller) | Activator                        | 86 - org.ops4j.pax.web.pax-web-runtime - 8.0.27 | Starting server controller org.ops4j.pax.web.service.jetty.internal.JettyServerController
2026-02-08T07:15:46,357 | INFO  | features-3-thread-1 | CommandExtension                 | 51 - org.apache.karaf.shell.core - 4.4.6 | Updating commands for bundle org.apache.karaf.shell.commands/4.4.6
2026-02-08T07:15:46,357 | INFO  | paxweb-config-1-thread-1 (change controller) | JettyServerController            | 84 - org.ops4j.pax.web.pax-web-jetty - 8.0.27 | Starting JettyServerController{configuration=b92f5cc2-40d0-4633-99d3-384e9071e713,state=STOPPED}
2026-02-08T07:15:46,358 | INFO  | paxweb-config-1-thread-1 (change controller) | JettyServerWrapper               | 84 - org.ops4j.pax.web.pax-web-jetty - 8.0.27 | Starting Server@352e2d67{STOPPED}[9.4.54.v20240208]
2026-02-08T07:15:46,359 | INFO  | paxweb-config-1-thread-1 (change controller) | Server                           | 74 - org.eclipse.jetty.util - 9.4.54.v20240208 | jetty-9.4.54.v20240208; built: 2024-02-08T19:42:39.027Z; git: cef3fbd6d736a21e7d541a5db490381d95a2047d; jvm 17.0.14+7-alpine-r0
2026-02-08T07:15:46,359 | INFO  | features-3-thread-1 | FeaturesServiceImpl              | 19 - org.apache.karaf.features.core - 4.4.6 |   org.ops4j.pax.web.pax-web-websocket/8.0.27
2026-02-08T07:15:46,360 | INFO  | features-3-thread-1 | FeaturesServiceImpl              | 19 - org.apache.karaf.features.core - 4.4.6 |   org.apache.karaf.webconsole.features/4.4.6
2026-02-08T07:15:46,364 | INFO  | paxweb-config-1-thread-1 (change controller) | session                          | 74 - org.eclipse.jetty.util - 9.4.54.v20240208 | DefaultSessionIdManager workerName=node0
2026-02-08T07:15:46,364 | INFO  | paxweb-config-1-thread-1 (change controller) | session                          | 74 - org.eclipse.jetty.util - 9.4.54.v20240208 | No SessionScavenger set, using defaults
2026-02-08T07:15:46,365 | INFO  | features-3-thread-1 | FeaturesPlugin                   | 56 - org.apache.karaf.webconsole.features - 4.4.6 | Features plugin activated
2026-02-08T07:15:46,365 | INFO  | paxweb-config-1-thread-1 (change controller) | session                          | 74 - org.eclipse.jetty.util - 9.4.54.v20240208 | node0 Scavenging every 600000ms
2026-02-08T07:15:46,367 | INFO  | features-3-thread-1 | FeaturesServiceImpl              | 19 - org.apache.karaf.features.core - 4.4.6 |   org.apache.karaf.features.command/4.4.6
2026-02-08T07:15:46,377 | INFO  | paxweb-config-1-thread-1 (change controller) | AbstractConnector                | 74 - org.eclipse.jetty.util - 9.4.54.v20240208 | Started default@1e4647b1{HTTP/1.1, (http/1.1)}{0.0.0.0:8181}
2026-02-08T07:15:46,377 | INFO  | paxweb-config-1-thread-1 (change controller) | Server                           | 74 - org.eclipse.jetty.util - 9.4.54.v20240208 | Started @4024ms
2026-02-08T07:15:46,380 | INFO  | paxweb-config-1-thread-1 (change controller) | Activator                        | 86 - org.ops4j.pax.web.pax-web-runtime - 8.0.27 | Registering HttpService factory
2026-02-08T07:15:46,380 | INFO  | paxweb-config-1-thread-1 (change controller) | StoppableHttpServiceFactory      | 86 - org.ops4j.pax.web.pax-web-runtime - 8.0.27 | Binding HTTP Service for bundle: [org.apache.karaf.webconsole.console [55]]
2026-02-08T07:15:46,383 | INFO  | features-3-thread-1 | CommandExtension                 | 51 - org.apache.karaf.shell.core - 4.4.6 | Registering commands for bundle org.apache.karaf.features.command/4.4.6
2026-02-08T07:15:46,385 | INFO  | features-3-thread-1 | FeaturesServiceImpl              | 19 - org.apache.karaf.features.core - 4.4.6 |   org.apache.felix.webconsole.plugins.event/1.1.8
2026-02-08T07:15:46,387 | INFO  | paxweb-config-1-thread-1 (change controller) | ServerModel                      | 87 - org.ops4j.pax.web.pax-web-spi - 8.0.27 | Created new ServletContextModel{id=ServletContextModel-1,contextPath='/'}
2026-02-08T07:15:46,391 | INFO  | paxweb-config-1-thread-1 (change controller) | JettyServerController            | 84 - org.ops4j.pax.web.pax-web-jetty - 8.0.27 | Receiving Batch{"Initialization of HttpContext "default" for org.apache.karaf.webconsole.console [55]", size=3}
2026-02-08T07:15:46,392 | INFO  | paxweb-config-1-thread-1 (change controller) | JettyServerWrapper               | 84 - org.ops4j.pax.web.pax-web-jetty - 8.0.27 | Creating new Jetty context for ServletContextModel{id=ServletContextModel-1,contextPath='/'}
2026-02-08T07:15:46,393 | INFO  | features-3-thread-1 | FeaturesServiceImpl              | 19 - org.apache.karaf.features.core - 4.4.6 |   org.apache.karaf.webconsole.http/4.4.6
2026-02-08T07:15:46,401 | INFO  | features-3-thread-1 | StoppableHttpServiceFactory      | 86 - org.ops4j.pax.web.pax-web-runtime - 8.0.27 | Binding HTTP Service for bundle: [org.apache.karaf.webconsole.http [58]]
2026-02-08T07:15:46,404 | INFO  | features-3-thread-1 | CommandExtension                 | 51 - org.apache.karaf.shell.core - 4.4.6 | Registering commands for bundle org.apache.karaf.webconsole.http/4.4.6
2026-02-08T07:15:46,406 | INFO  | features-3-thread-1 | FeaturesServiceImpl              | 19 - org.apache.karaf.features.core - 4.4.6 |   org.apache.karaf.instance.core/4.4.6
2026-02-08T07:15:46,408 | INFO  | paxweb-config-1-thread-1 (change controller) | JettyServerWrapper               | 84 - org.ops4j.pax.web.pax-web-jetty - 8.0.27 | Adding OsgiContextModel{HS,id=OCM-4,name='default',path='/',bundle=org.apache.karaf.webconsole.console,context=DefaultHttpContext{bundle=org.apache.karaf.webconsole.console [55],contextId='default'}} to o.o.p.w.s.j.i.PaxWebServletContextHandler@1c79c141{/,null,STOPPED}
2026-02-08T07:15:46,409 | INFO  | paxweb-config-1-thread-1 (change controller) | JettyServerWrapper               | 84 - org.ops4j.pax.web.pax-web-jetty - 8.0.27 | Changing default OSGi context model for o.o.p.w.s.j.i.PaxWebServletContextHandler@1c79c141{/,null,STOPPED}
2026-02-08T07:15:46,411 | INFO  | paxweb-config-1-thread-1 (change controller) | HttpServiceEnabled               | 86 - org.ops4j.pax.web.pax-web-runtime - 8.0.27 | Registering ServletModel{id=ServletModel-6,name='org.apache.felix.webconsole.internal.servlet.KarafOsgiManager',alias='/system/console',urlPatterns=[/system/console/*],servlet=org.apache.felix.webconsole.internal.servlet.KarafOsgiManager@d6c62f1,contexts=[{HS,OCM-7,context:1303140610,/}]}
2026-02-08T07:15:46,412 | INFO  | paxweb-config-1-thread-1 (change controller) | JettyServerController            | 84 - org.ops4j.pax.web.pax-web-jetty - 8.0.27 | Receiving Batch{"Registration of ServletModel{id=ServletModel-6,name='org.apache.felix.webconsole.internal.servlet.KarafOsgiManager',alias='/system/console',urlPatterns=[/system/console/*],servlet=org.apache.felix.webconsole.internal.servlet.KarafOsgiManager@d6c62f1,contexts=null}", size=3}
2026-02-08T07:15:46,412 | INFO  | paxweb-config-1-thread-1 (change controller) | JettyServerWrapper               | 84 - org.ops4j.pax.web.pax-web-jetty - 8.0.27 | Adding OsgiContextModel{HS,id=OCM-7,name='context:1303140610',path='/',bundle=org.apache.karaf.webconsole.console,context=WebContainerContextWrapper{bundle=org.apache.karaf.webconsole.console [55],contextId='context:1303140610',delegate=org.apache.felix.webconsole.internal.servlet.OsgiManagerHttpContext@4dac5902}} to o.o.p.w.s.j.i.PaxWebServletContextHandler@1c79c141{/,null,STOPPED}
2026-02-08T07:15:46,412 | INFO  | paxweb-config-1-thread-1 (change controller) | JettyServerWrapper               | 84 - org.ops4j.pax.web.pax-web-jetty - 8.0.27 | Adding servlet ServletModel{id=ServletModel-6,name='org.apache.felix.webconsole.internal.servlet.KarafOsgiManager',alias='/system/console',urlPatterns=[/system/console/*],servlet=org.apache.felix.webconsole.internal.servlet.KarafOsgiManager@d6c62f1,contexts=[{HS,OCM-7,context:1303140610,/}]}
2026-02-08T07:15:46,414 | INFO  | paxweb-config-1-thread-1 (change controller) | JettyServerWrapper               | 84 - org.ops4j.pax.web.pax-web-jetty - 8.0.27 | Starting Jetty context "/" with default Osgi Context OsgiContextModel{HS,id=OCM-4,name='default',path='/',bundle=org.apache.karaf.webconsole.console,context=DefaultHttpContext{bundle=org.apache.karaf.webconsole.console [55],contextId='default'}}
2026-02-08T07:15:46,433 | INFO  | features-3-thread-1 | CommandExtension                 | 51 - org.apache.karaf.shell.core - 4.4.6 | Registering commands for bundle org.apache.karaf.instance.core/4.4.6
2026-02-08T07:15:46,434 | INFO  | features-3-thread-1 | FeaturesServiceImpl              | 19 - org.apache.karaf.features.core - 4.4.6 |   org.eclipse.jetty.client/9.4.54.v20240208
2026-02-08T07:15:46,435 | INFO  | features-3-thread-1 | FeaturesServiceImpl              | 19 - org.apache.karaf.features.core - 4.4.6 |   org.apache.karaf.jaas.modules/4.4.6
2026-02-08T07:15:46,438 | INFO  | paxweb-config-1-thread-1 (change controller) | ContextHandler                   | 74 - org.eclipse.jetty.util - 9.4.54.v20240208 | Started o.o.p.w.s.j.i.PaxWebServletContextHandler@1c79c141{/,null,AVAILABLE}
2026-02-08T07:15:46,438 | INFO  | paxweb-config-1-thread-1 (change controller) | OsgiServletContext               | 87 - org.ops4j.pax.web.pax-web-spi - 8.0.27 | Registering OsgiServletContext{model=OsgiContextModel{HS,id=OCM-4,name='default',path='/',bundle=org.apache.karaf.webconsole.console,context=DefaultHttpContext{bundle=org.apache.karaf.webconsole.console [55],contextId='default'}}} as OSGi service for "/" context path
2026-02-08T07:15:46,442 | INFO  | paxweb-config-1-thread-1 (change controller) | HttpServiceEnabled               | 86 - org.ops4j.pax.web.pax-web-runtime - 8.0.27 | Registering resources with [/system/console/res] mapping(s) and resource base "res"
2026-02-08T07:15:46,443 | INFO  | paxweb-config-1-thread-1 (change controller) | HttpServiceEnabled               | 86 - org.ops4j.pax.web.pax-web-runtime - 8.0.27 | Registering ServletModel{id=ServletModel-10,name='default-a94c0b31-c991-4267-9231-d24f8c2d90f6',alias='/system/console/res',urlPatterns=[/system/console/res/*],contexts=[{HS,OCM-7,context:1303140610,/}]}
2026-02-08T07:15:46,443 | INFO  | features-3-thread-1 | FeaturesServiceImpl              | 19 - org.apache.karaf.features.core - 4.4.6 |   org.apache.karaf.log.core/4.4.6
2026-02-08T07:15:46,443 | INFO  | paxweb-config-1-thread-1 (change controller) | JettyServerController            | 84 - org.ops4j.pax.web.pax-web-jetty - 8.0.27 | Receiving Batch{"Registration of ServletModel{id=ServletModel-10,name='default-a94c0b31-c991-4267-9231-d24f8c2d90f6',alias='/system/console/res',urlPatterns=[/system/console/res/*],contexts=null}", size=1}
2026-02-08T07:15:46,443 | INFO  | paxweb-config-1-thread-1 (change controller) | JettyServerWrapper               | 84 - org.ops4j.pax.web.pax-web-jetty - 8.0.27 | Adding servlet ServletModel{id=ServletModel-10,name='default-a94c0b31-c991-4267-9231-d24f8c2d90f6',alias='/system/console/res',urlPatterns=[/system/console/res/*],contexts=[{HS,OCM-7,context:1303140610,/}]}
2026-02-08T07:15:46,446 | INFO  | paxweb-config-1-thread-1 (change controller) | JettyResourceServlet             | 84 - org.ops4j.pax.web.pax-web-jetty - 8.0.27 | Initialized Jetty Resource Servlet for base="res" with cache maxSize=4096kB, maxEntrySize=2048kB, maxEntries=2048
2026-02-08T07:15:46,447 | INFO  | paxweb-config-1-thread-1 (change controller) | StoppableHttpServiceFactory      | 86 - org.ops4j.pax.web.pax-web-runtime - 8.0.27 | Binding HTTP Service for bundle: [org.apache.karaf.http.core [40]]
2026-02-08T07:15:46,449 | INFO  | paxweb-config-1-thread-1 (change controller) | Activator                        | 86 - org.ops4j.pax.web.pax-web-runtime - 8.0.27 | Registering HttpServiceRuntime
2026-02-08T07:15:46,452 | INFO  | activator-1-thread-2 | CommandExtension                 | 51 - org.apache.karaf.shell.core - 4.4.6 | Registering commands for bundle org.apache.karaf.http.core/4.4.6
2026-02-08T07:15:46,456 | INFO  | activator-1-thread-2 | HttpPlugin                       | 58 - org.apache.karaf.webconsole.http - 4.4.6 | Http plugin activated
2026-02-08T07:15:46,457 | INFO  | features-3-thread-1 | CommandExtension                 | 51 - org.apache.karaf.shell.core - 4.4.6 | Command registration delayed for bundle org.apache.karaf.log.core/4.4.6. Missing service: [org.apache.karaf.log.core.LogService]
2026-02-08T07:15:46,457 | INFO  | activator-1-thread-1 | CommandExtension                 | 51 - org.apache.karaf.shell.core - 4.4.6 | Registering commands for bundle org.apache.karaf.log.core/4.4.6
2026-02-08T07:15:46,459 | INFO  | features-3-thread-1 | FeaturesServiceImpl              | 19 - org.apache.karaf.features.core - 4.4.6 |   org.apache.karaf.shell.ssh/4.4.6
2026-02-08T07:15:46,480 | INFO  | features-3-thread-1 | CommandExtension                 | 51 - org.apache.karaf.shell.core - 4.4.6 | Command registration delayed for bundle org.apache.karaf.shell.ssh/4.4.6. Missing service: [org.apache.sshd.server.SshServer]
2026-02-08T07:15:46,480 | INFO  | features-3-thread-1 | FeaturesServiceImpl              | 19 - org.apache.karaf.features.core - 4.4.6 |   org.apache.karaf.webconsole.instance/4.4.6
2026-02-08T07:15:46,485 | INFO  | features-3-thread-1 | InstancePlugin                   | 59 - org.apache.karaf.webconsole.instance - 4.4.6 | Instance plugin activated
2026-02-08T07:15:46,485 | INFO  | features-3-thread-1 | CommandExtension                 | 51 - org.apache.karaf.shell.core - 4.4.6 | Registering commands for bundle org.apache.karaf.webconsole.instance/4.4.6
2026-02-08T07:15:46,487 | INFO  | features-3-thread-1 | FeaturesServiceImpl              | 19 - org.apache.karaf.features.core - 4.4.6 |   org.apache.karaf.system.core/4.4.6
2026-02-08T07:15:46,498 | INFO  | features-3-thread-1 | CommandExtension                 | 51 - org.apache.karaf.shell.core - 4.4.6 | Registering commands for bundle org.apache.karaf.system.core/4.4.6
2026-02-08T07:15:46,498 | INFO  | features-3-thread-1 | FeaturesServiceImpl              | 19 - org.apache.karaf.features.core - 4.4.6 |   org.ops4j.pax.url.war/2.6.14
2026-02-08T07:15:46,503 | INFO  | features-3-thread-1 | FeaturesServiceImpl              | 19 - org.apache.karaf.features.core - 4.4.6 |   org.apache.karaf.kar.core/4.4.6
2026-02-08T07:15:46,511 | INFO  | features-3-thread-1 | CommandExtension                 | 51 - org.apache.karaf.shell.core - 4.4.6 | Command registration delayed for bundle org.apache.karaf.kar.core/4.4.6. Missing service: [org.apache.karaf.kar.KarService]
2026-02-08T07:15:46,512 | INFO  | activator-1-thread-1 | CommandExtension                 | 51 - org.apache.karaf.shell.core - 4.4.6 | Registering commands for bundle org.apache.karaf.kar.core/4.4.6
2026-02-08T07:15:46,512 | INFO  | features-3-thread-1 | FeaturesServiceImpl              | 19 - org.apache.karaf.features.core - 4.4.6 |   org.apache.karaf.webconsole.gogo/4.4.6
2026-02-08T07:15:46,516 | INFO  | features-3-thread-1 | GogoPlugin                       | 57 - org.apache.karaf.webconsole.gogo - 4.4.6 | Gogo plugin activated
2026-02-08T07:15:46,518 | INFO  | features-3-thread-1 | FeaturesServiceImpl              | 19 - org.apache.karaf.features.core - 4.4.6 |   org.apache.felix.webconsole.plugins.memoryusage/1.0.10
2026-02-08T07:15:46,523 | INFO  | features-3-thread-1 | memoryusage                      | 31 - org.apache.felix.webconsole.plugins.memoryusage - 1.0.10 | Storing Memory Dumps in /opt/karaf/data/cache/bundle31/data/dumps
2026-02-08T07:15:46,525 | INFO  | features-3-thread-1 | memoryusage                      | 31 - org.apache.felix.webconsole.plugins.memoryusage - 1.0.10 | Setting Automatic Memory Dump Threshold to 0% for pools [CodeHeap 'non-nmethods', CodeHeap 'non-profiled nmethods', CodeHeap 'profiled nmethods', Compressed Class Space, G1 Old Gen, Metaspace]
2026-02-08T07:15:46,525 | INFO  | features-3-thread-1 | memoryusage                      | 31 - org.apache.felix.webconsole.plugins.memoryusage - 1.0.10 | Automatic Memory Dump cannot be set for pools [G1 Eden Space, G1 Survivor Space]
2026-02-08T07:15:46,526 | INFO  | features-3-thread-1 | memoryusage                      | 31 - org.apache.felix.webconsole.plugins.memoryusage - 1.0.10 | Setting Automatic Memory Dump Interval to 21600 seconds
2026-02-08T07:15:46,531 | INFO  | features-3-thread-1 | FeaturesServiceImpl              | 19 - org.apache.karaf.features.core - 4.4.6 |   org.apache.aries.jmx.api/1.1.5
2026-02-08T07:15:46,532 | INFO  | CM Configuration Updater (ManagedService Update: pid=[org.apache.felix.webconsole.plugins.memoryusage.internal.MemoryUsageConfigurator]) | memoryusage                      | 31 - org.apache.felix.webconsole.plugins.memoryusage - 1.0.10 | Setting Automatic Memory Dump Threshold to 0% for pools [CodeHeap 'non-nmethods', CodeHeap 'non-profiled nmethods', CodeHeap 'profiled nmethods', Compressed Class Space, G1 Old Gen, Metaspace]
2026-02-08T07:15:46,532 | INFO  | CM Configuration Updater (ManagedService Update: pid=[org.apache.felix.webconsole.plugins.memoryusage.internal.MemoryUsageConfigurator]) | memoryusage                      | 31 - org.apache.felix.webconsole.plugins.memoryusage - 1.0.10 | Automatic Memory Dump cannot be set for pools [G1 Eden Space, G1 Survivor Space]
2026-02-08T07:15:46,532 | INFO  | CM Configuration Updater (ManagedService Update: pid=[org.apache.felix.webconsole.plugins.memoryusage.internal.MemoryUsageConfigurator]) | memoryusage                      | 31 - org.apache.felix.webconsole.plugins.memoryusage - 1.0.10 | Setting Automatic Memory Dump Interval to 21600 seconds
2026-02-08T07:15:46,532 | INFO  | features-3-thread-1 | FeaturesServiceImpl              | 19 - org.apache.karaf.features.core - 4.4.6 |   org.ops4j.pax.web.pax-web-extender-war/8.0.27
2026-02-08T07:15:46,532 | INFO  | CM Configuration Updater (ManagedService Update: pid=[org.apache.felix.webconsole.plugins.memoryusage.internal.MemoryUsageConfigurator]) | memoryusage                      | 31 - org.apache.felix.webconsole.plugins.memoryusage - 1.0.10 | Storing Memory Dumps in /opt/karaf/data/cache/bundle31/data/dumps
2026-02-08T07:15:46,535 | INFO  | features-3-thread-1 | Activator                        | 83 - org.ops4j.pax.web.pax-web-extender-war - 8.0.27 | Configuring WAR extender thread pool. Pool size = 3
2026-02-08T07:15:46,550 | INFO  | activator-1-thread-1 | BouncyCastleSecurityProviderRegistrar | 60 - org.apache.sshd.osgi - 2.12.1 | getOrCreateProvider(BC) created instance of org.bouncycastle.jce.provider.BouncyCastleProvider
2026-02-08T07:15:46,602 | INFO  | HttpService->WarExtender (add HttpService) | StoppableHttpServiceFactory      | 86 - org.ops4j.pax.web.pax-web-runtime - 8.0.27 | Binding HTTP Service for bundle: [org.ops4j.pax.web.pax-web-extender-war [83]]
2026-02-08T07:15:46,602 | INFO  | features-3-thread-1 | FeaturesServiceImpl              | 19 - org.apache.karaf.features.core - 4.4.6 |   org.apache.aries.jmx.core/1.1.8
2026-02-08T07:15:46,606 | INFO  | features-3-thread-1 | core                             | 27 - org.apache.aries.jmx.core - 1.1.8 | Starting JMX OSGi agent
2026-02-08T07:15:46,617 | INFO  | features-3-thread-1 | core                             | 27 - org.apache.aries.jmx.core - 1.1.8 | Registering MBean with ObjectName [osgi.compendium:service=cm,version=1.3,framework=org.apache.felix.framework,uuid=dd324845-0977-4532-96b6-097aeb45c0d9] for service with service.id [16]
2026-02-08T07:15:46,619 | INFO  | features-3-thread-1 | core                             | 27 - org.apache.aries.jmx.core - 1.1.8 | Registering org.osgi.jmx.framework.PackageStateMBean to MBeanServer org.apache.karaf.management.internal.EventAdminMBeanServerWrapper@69399b23 with name osgi.core:type=packageState,version=1.5,framework=org.apache.felix.framework,uuid=dd324845-0977-4532-96b6-097aeb45c0d9
2026-02-08T07:15:46,620 | INFO  | features-3-thread-1 | core                             | 27 - org.apache.aries.jmx.core - 1.1.8 | Registering org.osgi.jmx.service.cm.ConfigurationAdminMBean to MBeanServer org.apache.karaf.management.internal.EventAdminMBeanServerWrapper@69399b23 with name osgi.compendium:service=cm,version=1.3,framework=org.apache.felix.framework,uuid=dd324845-0977-4532-96b6-097aeb45c0d9
2026-02-08T07:15:46,621 | INFO  | features-3-thread-1 | core                             | 27 - org.apache.aries.jmx.core - 1.1.8 | Registering org.osgi.jmx.framework.ServiceStateMBean to MBeanServer org.apache.karaf.management.internal.EventAdminMBeanServerWrapper@69399b23 with name osgi.core:type=serviceState,version=1.7,framework=org.apache.felix.framework,uuid=dd324845-0977-4532-96b6-097aeb45c0d9
2026-02-08T07:15:46,621 | INFO  | features-3-thread-1 | core                             | 27 - org.apache.aries.jmx.core - 1.1.8 | Registering org.osgi.jmx.framework.wiring.BundleWiringStateMBean to MBeanServer org.apache.karaf.management.internal.EventAdminMBeanServerWrapper@69399b23 with name osgi.core:type=wiringState,version=1.1,framework=org.apache.felix.framework,uuid=dd324845-0977-4532-96b6-097aeb45c0d9
2026-02-08T07:15:46,622 | INFO  | features-3-thread-1 | core                             | 27 - org.apache.aries.jmx.core - 1.1.8 | Registering org.osgi.jmx.framework.BundleStateMBean to MBeanServer org.apache.karaf.management.internal.EventAdminMBeanServerWrapper@69399b23 with name osgi.core:type=bundleState,version=1.7,framework=org.apache.felix.framework,uuid=dd324845-0977-4532-96b6-097aeb45c0d9
2026-02-08T07:15:46,622 | INFO  | features-3-thread-1 | core                             | 27 - org.apache.aries.jmx.core - 1.1.8 | Registering org.osgi.jmx.framework.FrameworkMBean to MBeanServer org.apache.karaf.management.internal.EventAdminMBeanServerWrapper@69399b23 with name osgi.core:type=framework,version=1.7,framework=org.apache.felix.framework,uuid=dd324845-0977-4532-96b6-097aeb45c0d9
2026-02-08T07:15:46,623 | INFO  | features-3-thread-1 | FeaturesServiceImpl              | 19 - org.apache.karaf.features.core - 4.4.6 |   org.apache.karaf.bundle.core/4.4.6
2026-02-08T07:15:46,641 | INFO  | activator-1-thread-1 | CommandExtension                 | 51 - org.apache.karaf.shell.core - 4.4.6 | Registering commands for bundle org.apache.karaf.shell.ssh/4.4.6
2026-02-08T07:15:46,647 | INFO  | features-3-thread-1 | CommandExtension                 | 51 - org.apache.karaf.shell.core - 4.4.6 | Registering commands for bundle org.apache.karaf.bundle.core/4.4.6
2026-02-08T07:15:46,650 | INFO  | features-3-thread-1 | FeaturesServiceImpl              | 19 - org.apache.karaf.features.core - 4.4.6 |   org.apache.karaf.config.command/4.4.6
2026-02-08T07:15:46,653 | INFO  | activator-1-thread-1 | DefaultIoServiceFactoryFactory   | 60 - org.apache.sshd.osgi - 2.12.1 | No detected/configured IoServiceFactoryFactory; using Nio2ServiceFactoryFactory
2026-02-08T07:15:46,657 | INFO  | features-3-thread-1 | CommandExtension                 | 51 - org.apache.karaf.shell.core - 4.4.6 | Registering commands for bundle org.apache.karaf.config.command/4.4.6
2026-02-08T07:15:46,687 | INFO  | features-3-thread-1 | FeaturesServiceImpl              | 19 - org.apache.karaf.features.core - 4.4.6 |   org.apache.karaf.web.core/4.4.6
2026-02-08T07:15:46,692 | INFO  | features-3-thread-1 | StoppableHttpServiceFactory      | 86 - org.ops4j.pax.web.pax-web-runtime - 8.0.27 | Binding HTTP Service for bundle: [org.apache.karaf.web.core [54]]
2026-02-08T07:15:46,697 | INFO  | features-3-thread-1 | CommandExtension                 | 51 - org.apache.karaf.shell.core - 4.4.6 | Registering commands for bundle org.apache.karaf.web.core/4.4.6
2026-02-08T07:15:46,700 | INFO  | features-3-thread-1 | FeaturesServiceImpl              | 19 - org.apache.karaf.features.core - 4.4.6 |   org.apache.karaf.package.core/4.4.6
2026-02-08T07:15:46,706 | INFO  | features-3-thread-1 | CommandExtension                 | 51 - org.apache.karaf.shell.core - 4.4.6 | Registering commands for bundle org.apache.karaf.package.core/4.4.6
2026-02-08T07:15:46,706 | INFO  | features-3-thread-1 | FeaturesServiceImpl              | 19 - org.apache.karaf.features.core - 4.4.6 |   org.apache.karaf.jaas.command/4.4.6
2026-02-08T07:15:46,711 | INFO  | features-3-thread-1 | CommandExtension                 | 51 - org.apache.karaf.shell.core - 4.4.6 | Registering commands for bundle org.apache.karaf.jaas.command/4.4.6
2026-02-08T07:15:46,712 | INFO  | features-3-thread-1 | CommandExtension                 | 51 - org.apache.karaf.shell.core - 4.4.6 | Updating commands for bundle org.apache.karaf.jaas.command/4.4.6
2026-02-08T07:15:46,712 | INFO  | features-3-thread-1 | CommandExtension                 | 51 - org.apache.karaf.shell.core - 4.4.6 | Updating commands for bundle org.apache.karaf.jaas.command/4.4.6
2026-02-08T07:15:46,713 | INFO  | features-3-thread-1 | FeaturesServiceImpl              | 19 - org.apache.karaf.features.core - 4.4.6 |   org.apache.karaf.event/4.4.6
2026-02-08T07:15:46,716 | INFO  | features-3-thread-1 | CommandExtension                 | 51 - org.apache.karaf.shell.core - 4.4.6 | Registering commands for bundle org.apache.karaf.event/4.4.6
2026-02-08T07:15:46,719 | INFO  | features-3-thread-1 | Activator                        | 34 - org.apache.karaf.deployer.features - 4.4.6 | Deployment finished. Registering FeatureDeploymentListener
2026-02-08T07:15:46,804 | INFO  | features-3-thread-1 | FeaturesServiceImpl              | 19 - org.apache.karaf.features.core - 4.4.6 | Done.
2026-02-08T11:34:42,752 | INFO  | sshd-SshServer[35cb4302](port=8101)-nio2-thread-1 | OpenSSHKeyPairProvider           | 52 - org.apache.karaf.shell.ssh - 4.4.6 | Creating ssh server private key at /opt/karaf/etc/host.key
2026-02-08T11:34:42,756 | INFO  | sshd-SshServer[35cb4302](port=8101)-nio2-thread-1 | OpenSSHKeyPairGenerator          | 52 - org.apache.karaf.shell.ssh - 4.4.6 | generateKeyPair(RSA) generating host key - size=2048
2026-02-08T11:34:46,858 | INFO  | sshd-SshServer[35cb4302](port=8101)-nio2-thread-1 | ServerSessionImpl                | 60 - org.apache.sshd.osgi - 2.12.1 | Session karaf@/192.168.127.1:22444 authenticated
2026-02-08T11:35:16,383 | ERROR | Karaf ssh console user karaf | ShellUtil                        | 51 - org.apache.karaf.shell.core - 4.4.6 | Exception caught while executing command
java.lang.IllegalArgumentException: No matching features for camel/0
	at org.apache.karaf.features.internal.service.FeaturesServiceImpl.computeFeaturesToAdd(FeaturesServiceImpl.java:841) ~[?:?]
	at org.apache.karaf.features.internal.service.FeaturesServiceImpl.installFeatures(FeaturesServiceImpl.java:804) ~[?:?]
	at org.apache.karaf.features.command.InstallFeatureCommand.doExecute(InstallFeatureCommand.java:78) ~[?:?]
	at org.apache.karaf.features.command.FeaturesCommandSupport.execute(FeaturesCommandSupport.java:40) ~[?:?]
	at org.apache.karaf.shell.impl.action.command.ActionCommand.execute(ActionCommand.java:88) ~[?:?]
	at org.apache.karaf.shell.impl.console.osgi.secured.SecuredCommand.execute(SecuredCommand.java:68) ~[?:?]
	at org.apache.karaf.shell.impl.console.osgi.secured.SecuredCommand.execute(SecuredCommand.java:86) ~[?:?]
	at org.apache.felix.gogo.runtime.Closure.executeCmd(Closure.java:599) ~[?:?]
	at org.apache.felix.gogo.runtime.Closure.executeStatement(Closure.java:526) ~[?:?]
	at org.apache.felix.gogo.runtime.Closure.execute(Closure.java:415) ~[?:?]
	at org.apache.felix.gogo.runtime.Pipe.doCall(Pipe.java:416) ~[?:?]
	at org.apache.felix.gogo.runtime.Pipe.call(Pipe.java:229) ~[?:?]
	at org.apache.felix.gogo.runtime.Pipe.call(Pipe.java:59) ~[?:?]
	at java.util.concurrent.FutureTask.run(FutureTask.java:264) ~[?:?]
	at java.util.concurrent.ThreadPoolExecutor.runWorker(ThreadPoolExecutor.java:1136) ~[?:?]
	at java.util.concurrent.ThreadPoolExecutor$Worker.run(ThreadPoolExecutor.java:635) ~[?:?]
	at java.lang.Thread.run(Thread.java:840) [?:?]
2026-02-08T11:35:32,021 | ERROR | Karaf ssh console user karaf | ShellUtil                        | 51 - org.apache.karaf.shell.core - 4.4.6 | Exception caught while executing command
java.lang.IllegalArgumentException: No matching features for camel-4.1.0/0
	at org.apache.karaf.features.internal.service.FeaturesServiceImpl.computeFeaturesToAdd(FeaturesServiceImpl.java:841) ~[?:?]
	at org.apache.karaf.features.internal.service.FeaturesServiceImpl.installFeatures(FeaturesServiceImpl.java:804) ~[?:?]
	at org.apache.karaf.features.command.InstallFeatureCommand.doExecute(InstallFeatureCommand.java:78) ~[?:?]
	at org.apache.karaf.features.command.FeaturesCommandSupport.execute(FeaturesCommandSupport.java:40) ~[?:?]
	at org.apache.karaf.shell.impl.action.command.ActionCommand.execute(ActionCommand.java:88) ~[?:?]
	at org.apache.karaf.shell.impl.console.osgi.secured.SecuredCommand.execute(SecuredCommand.java:68) ~[?:?]
	at org.apache.karaf.shell.impl.console.osgi.secured.SecuredCommand.execute(SecuredCommand.java:86) ~[?:?]
	at org.apache.felix.gogo.runtime.Closure.executeCmd(Closure.java:599) ~[?:?]
	at org.apache.felix.gogo.runtime.Closure.executeStatement(Closure.java:526) ~[?:?]
	at org.apache.felix.gogo.runtime.Closure.execute(Closure.java:415) ~[?:?]
	at org.apache.felix.gogo.runtime.Pipe.doCall(Pipe.java:416) ~[?:?]
	at org.apache.felix.gogo.runtime.Pipe.call(Pipe.java:229) ~[?:?]
	at org.apache.felix.gogo.runtime.Pipe.call(Pipe.java:59) ~[?:?]
	at java.util.concurrent.FutureTask.run(FutureTask.java:264) ~[?:?]
	at java.util.concurrent.ThreadPoolExecutor.runWorker(ThreadPoolExecutor.java:1136) ~[?:?]
	at java.util.concurrent.ThreadPoolExecutor$Worker.run(ThreadPoolExecutor.java:635) ~[?:?]
	at java.lang.Thread.run(Thread.java:840) [?:?]
2026-02-08T11:37:05,294 | ERROR | Karaf ssh console user karaf | ShellUtil                        | 51 - org.apache.karaf.shell.core - 4.4.6 | Exception caught while executing command
java.lang.IllegalArgumentException: No matching features for camel-4.4.0/0
	at org.apache.karaf.features.internal.service.FeaturesServiceImpl.computeFeaturesToAdd(FeaturesServiceImpl.java:841) ~[?:?]
	at org.apache.karaf.features.internal.service.FeaturesServiceImpl.installFeatures(FeaturesServiceImpl.java:804) ~[?:?]
	at org.apache.karaf.features.command.InstallFeatureCommand.doExecute(InstallFeatureCommand.java:78) ~[?:?]
	at org.apache.karaf.features.command.FeaturesCommandSupport.execute(FeaturesCommandSupport.java:40) ~[?:?]
	at org.apache.karaf.shell.impl.action.command.ActionCommand.execute(ActionCommand.java:88) ~[?:?]
	at org.apache.karaf.shell.impl.console.osgi.secured.SecuredCommand.execute(SecuredCommand.java:68) ~[?:?]
	at org.apache.karaf.shell.impl.console.osgi.secured.SecuredCommand.execute(SecuredCommand.java:86) ~[?:?]
	at org.apache.felix.gogo.runtime.Closure.executeCmd(Closure.java:599) ~[?:?]
	at org.apache.felix.gogo.runtime.Closure.executeStatement(Closure.java:526) ~[?:?]
	at org.apache.felix.gogo.runtime.Closure.execute(Closure.java:415) ~[?:?]
	at org.apache.felix.gogo.runtime.Pipe.doCall(Pipe.java:416) ~[?:?]
	at org.apache.felix.gogo.runtime.Pipe.call(Pipe.java:229) ~[?:?]
	at org.apache.felix.gogo.runtime.Pipe.call(Pipe.java:59) ~[?:?]
	at java.util.concurrent.FutureTask.run(FutureTask.java:264) ~[?:?]
	at java.util.concurrent.ThreadPoolExecutor.runWorker(ThreadPoolExecutor.java:1136) ~[?:?]
	at java.util.concurrent.ThreadPoolExecutor$Worker.run(ThreadPoolExecutor.java:635) ~[?:?]
	at java.lang.Thread.run(Thread.java:840) [?:?]
2026-02-08T11:38:41,519 | ERROR | Karaf ssh console user karaf | ShellUtil                        | 51 - org.apache.karaf.shell.core - 4.4.6 | Exception caught while executing command
java.lang.IllegalArgumentException: No matching features for camel/[4.4.0,4.4.0]
	at org.apache.karaf.features.internal.service.FeaturesServiceImpl.computeFeaturesToAdd(FeaturesServiceImpl.java:841) ~[?:?]
	at org.apache.karaf.features.internal.service.FeaturesServiceImpl.installFeatures(FeaturesServiceImpl.java:804) ~[?:?]
	at org.apache.karaf.features.command.InstallFeatureCommand.doExecute(InstallFeatureCommand.java:78) ~[?:?]
	at org.apache.karaf.features.command.FeaturesCommandSupport.execute(FeaturesCommandSupport.java:40) ~[?:?]
	at org.apache.karaf.shell.impl.action.command.ActionCommand.execute(ActionCommand.java:88) ~[?:?]
	at org.apache.karaf.shell.impl.console.osgi.secured.SecuredCommand.execute(SecuredCommand.java:68) ~[?:?]
	at org.apache.karaf.shell.impl.console.osgi.secured.SecuredCommand.execute(SecuredCommand.java:86) ~[?:?]
	at org.apache.felix.gogo.runtime.Closure.executeCmd(Closure.java:599) ~[?:?]
	at org.apache.felix.gogo.runtime.Closure.executeStatement(Closure.java:526) ~[?:?]
	at org.apache.felix.gogo.runtime.Closure.execute(Closure.java:415) ~[?:?]
	at org.apache.felix.gogo.runtime.Pipe.doCall(Pipe.java:416) ~[?:?]
	at org.apache.felix.gogo.runtime.Pipe.call(Pipe.java:229) ~[?:?]
	at org.apache.felix.gogo.runtime.Pipe.call(Pipe.java:59) ~[?:?]
	at java.util.concurrent.FutureTask.run(FutureTask.java:264) ~[?:?]
	at java.util.concurrent.ThreadPoolExecutor.runWorker(ThreadPoolExecutor.java:1136) ~[?:?]
	at java.util.concurrent.ThreadPoolExecutor$Worker.run(ThreadPoolExecutor.java:635) ~[?:?]
	at java.lang.Thread.run(Thread.java:840) [?:?]
2026-02-08T11:39:23,311 | ERROR | Karaf ssh console user karaf | ShellUtil                        | 51 - org.apache.karaf.shell.core - 4.4.6 | Exception caught while executing command
java.lang.IllegalArgumentException: No matching features for camel/0
	at org.apache.karaf.features.internal.service.FeaturesServiceImpl.computeFeaturesToAdd(FeaturesServiceImpl.java:841) ~[?:?]
	at org.apache.karaf.features.internal.service.FeaturesServiceImpl.installFeatures(FeaturesServiceImpl.java:804) ~[?:?]
	at org.apache.karaf.features.command.InstallFeatureCommand.doExecute(InstallFeatureCommand.java:78) ~[?:?]
	at org.apache.karaf.features.command.FeaturesCommandSupport.execute(FeaturesCommandSupport.java:40) ~[?:?]
	at org.apache.karaf.shell.impl.action.command.ActionCommand.execute(ActionCommand.java:88) ~[?:?]
	at org.apache.karaf.shell.impl.console.osgi.secured.SecuredCommand.execute(SecuredCommand.java:68) ~[?:?]
	at org.apache.karaf.shell.impl.console.osgi.secured.SecuredCommand.execute(SecuredCommand.java:86) ~[?:?]
	at org.apache.felix.gogo.runtime.Closure.executeCmd(Closure.java:599) ~[?:?]
	at org.apache.felix.gogo.runtime.Closure.executeStatement(Closure.java:526) ~[?:?]
	at org.apache.felix.gogo.runtime.Closure.execute(Closure.java:415) ~[?:?]
	at org.apache.felix.gogo.runtime.Pipe.doCall(Pipe.java:416) ~[?:?]
	at org.apache.felix.gogo.runtime.Pipe.call(Pipe.java:229) ~[?:?]
	at org.apache.felix.gogo.runtime.Pipe.call(Pipe.java:59) ~[?:?]
	at java.util.concurrent.FutureTask.run(FutureTask.java:264) ~[?:?]
	at java.util.concurrent.ThreadPoolExecutor.runWorker(ThreadPoolExecutor.java:1136) ~[?:?]
	at java.util.concurrent.ThreadPoolExecutor$Worker.run(ThreadPoolExecutor.java:635) ~[?:?]
	at java.lang.Thread.run(Thread.java:840) [?:?]
2026-02-08T11:39:31,285 | ERROR | Karaf ssh console user karaf | ShellUtil                        | 51 - org.apache.karaf.shell.core - 4.4.6 | Exception caught while executing command
java.lang.IllegalArgumentException: No matching features for camel/0
	at org.apache.karaf.features.internal.service.FeaturesServiceImpl.computeFeaturesToAdd(FeaturesServiceImpl.java:841) ~[?:?]
	at org.apache.karaf.features.internal.service.FeaturesServiceImpl.installFeatures(FeaturesServiceImpl.java:804) ~[?:?]
	at org.apache.karaf.features.command.InstallFeatureCommand.doExecute(InstallFeatureCommand.java:78) ~[?:?]
	at org.apache.karaf.features.command.FeaturesCommandSupport.execute(FeaturesCommandSupport.java:40) ~[?:?]
	at org.apache.karaf.shell.impl.action.command.ActionCommand.execute(ActionCommand.java:88) ~[?:?]
	at org.apache.karaf.shell.impl.console.osgi.secured.SecuredCommand.execute(SecuredCommand.java:68) ~[?:?]
	at org.apache.karaf.shell.impl.console.osgi.secured.SecuredCommand.execute(SecuredCommand.java:86) ~[?:?]
	at org.apache.felix.gogo.runtime.Closure.executeCmd(Closure.java:599) ~[?:?]
	at org.apache.felix.gogo.runtime.Closure.executeStatement(Closure.java:526) ~[?:?]
	at org.apache.felix.gogo.runtime.Closure.execute(Closure.java:415) ~[?:?]
	at org.apache.felix.gogo.runtime.Pipe.doCall(Pipe.java:416) ~[?:?]
	at org.apache.felix.gogo.runtime.Pipe.call(Pipe.java:229) ~[?:?]
	at org.apache.felix.gogo.runtime.Pipe.call(Pipe.java:59) ~[?:?]
	at java.util.concurrent.FutureTask.run(FutureTask.java:264) ~[?:?]
	at java.util.concurrent.ThreadPoolExecutor.runWorker(ThreadPoolExecutor.java:1136) ~[?:?]
	at java.util.concurrent.ThreadPoolExecutor$Worker.run(ThreadPoolExecutor.java:635) ~[?:?]
	at java.lang.Thread.run(Thread.java:840) [?:?]
2026-02-08T11:43:56,203 | WARN  | pipe-feature:repo-add camel 4.5.0 | AetherBasedResolver              | 3 - org.ops4j.pax.url.mvn - 2.6.14 | Error resolving artifact org.apache.camel.karaf:apache-camel:xml:features:4.5.0: [Could not find artifact org.apache.camel.karaf:apache-camel:xml:features:4.5.0 in central (https://repo1.maven.org/maven2/)]
java.io.IOException: Error resolving artifact org.apache.camel.karaf:apache-camel:xml:features:4.5.0: [Could not find artifact org.apache.camel.karaf:apache-camel:xml:features:4.5.0 in central (https://repo1.maven.org/maven2/)]
	at org.ops4j.pax.url.mvn.internal.AetherBasedResolver.configureIOException(AetherBasedResolver.java:803) [!/:?]
	at org.ops4j.pax.url.mvn.internal.AetherBasedResolver.resolve(AetherBasedResolver.java:774) [!/:?]
	at org.ops4j.pax.url.mvn.internal.AetherBasedResolver.resolve(AetherBasedResolver.java:657) [!/:?]
	at org.ops4j.pax.url.mvn.internal.AetherBasedResolver.resolve(AetherBasedResolver.java:598) [!/:?]
	at org.ops4j.pax.url.mvn.internal.AetherBasedResolver.resolve(AetherBasedResolver.java:565) [!/:?]
	at org.ops4j.pax.url.mvn.internal.AetherBasedResolver.resolve(AetherBasedResolver.java:555) [!/:?]
	at org.ops4j.pax.url.mvn.internal.Connection.getInputStream(Connection.java:123) [!/:?]
	at java.net.URL.openStream(URL.java:1161) [?:?]
	at org.apache.karaf.features.internal.service.RepositoryImpl.load(RepositoryImpl.java:114) [!/:?]
	at org.apache.karaf.features.internal.service.RepositoryImpl.<init>(RepositoryImpl.java:51) [!/:?]
	at org.apache.karaf.features.internal.service.RepositoryCacheImpl.create(RepositoryCacheImpl.java:51) [!/:?]
	at org.apache.karaf.features.internal.service.FeaturesServiceImpl.addRepository(FeaturesServiceImpl.java:386) [!/:?]
	at org.apache.karaf.features.command.RepoAddCommand.doExecute(RepoAddCommand.java:54) [!/:?]
	at org.apache.karaf.features.command.FeaturesCommandSupport.execute(FeaturesCommandSupport.java:40) [!/:?]
	at org.apache.karaf.shell.impl.action.command.ActionCommand.execute(ActionCommand.java:88) [!/:4.4.6]
	at org.apache.karaf.shell.impl.console.osgi.secured.SecuredCommand.execute(SecuredCommand.java:68) [!/:4.4.6]
	at org.apache.karaf.shell.impl.console.osgi.secured.SecuredCommand.execute(SecuredCommand.java:86) [!/:4.4.6]
	at org.apache.felix.gogo.runtime.Closure.executeCmd(Closure.java:599) [!/:4.4.6]
	at org.apache.felix.gogo.runtime.Closure.executeStatement(Closure.java:526) [!/:4.4.6]
	at org.apache.felix.gogo.runtime.Closure.execute(Closure.java:415) [!/:4.4.6]
	at org.apache.felix.gogo.runtime.Pipe.doCall(Pipe.java:416) [!/:4.4.6]
	at org.apache.felix.gogo.runtime.Pipe.call(Pipe.java:229) [!/:4.4.6]
	at org.apache.felix.gogo.runtime.Pipe.call(Pipe.java:59) [!/:4.4.6]
	at java.util.concurrent.FutureTask.run(FutureTask.java:264) [?:?]
	at java.util.concurrent.ThreadPoolExecutor.runWorker(ThreadPoolExecutor.java:1136) [?:?]
	at java.util.concurrent.ThreadPoolExecutor$Worker.run(ThreadPoolExecutor.java:635) [?:?]
	at java.lang.Thread.run(Thread.java:840) [?:?]
	Suppressed: shaded.org.eclipse.aether.transfer.ArtifactNotFoundException: Could not find artifact org.apache.camel.karaf:apache-camel:xml:features:4.5.0 in central (https://repo1.maven.org/maven2/)
		at shaded.org.eclipse.aether.connector.basic.ArtifactTransportListener.transferFailed(ArtifactTransportListener.java:48) ~[!/:?]
		at shaded.org.eclipse.aether.connector.basic.BasicRepositoryConnector$TaskRunner.run(BasicRepositoryConnector.java:401) ~[!/:?]
		at shaded.org.eclipse.aether.util.concurrency.RunnableErrorForwarder.lambda$wrap$0(RunnableErrorForwarder.java:73) ~[!/:?]
		at shaded.org.eclipse.aether.connector.basic.BasicRepositoryConnector$DirectExecutor.execute(BasicRepositoryConnector.java:669) ~[!/:?]
		at shaded.org.eclipse.aether.connector.basic.BasicRepositoryConnector.get(BasicRepositoryConnector.java:290) ~[!/:?]
		at shaded.org.eclipse.aether.internal.impl.DefaultArtifactResolver.performDownloads(DefaultArtifactResolver.java:520) ~[!/:?]
		at shaded.org.eclipse.aether.internal.impl.DefaultArtifactResolver.resolve(DefaultArtifactResolver.java:408) ~[!/:?]
		at shaded.org.eclipse.aether.internal.impl.DefaultArtifactResolver.resolveArtifacts(DefaultArtifactResolver.java:235) ~[!/:?]
		at shaded.org.eclipse.aether.internal.impl.DefaultArtifactResolver.resolveArtifact(DefaultArtifactResolver.java:212) ~[!/:?]
		at shaded.org.eclipse.aether.internal.impl.DefaultRepositorySystem.resolveArtifact(DefaultRepositorySystem.java:272) ~[!/:?]
		at org.ops4j.pax.url.mvn.internal.AetherBasedResolver.resolve(AetherBasedResolver.java:767) [!/:?]
		at org.ops4j.pax.url.mvn.internal.AetherBasedResolver.resolve(AetherBasedResolver.java:657) [!/:?]
		at org.ops4j.pax.url.mvn.internal.AetherBasedResolver.resolve(AetherBasedResolver.java:598) [!/:?]
		at org.ops4j.pax.url.mvn.internal.AetherBasedResolver.resolve(AetherBasedResolver.java:565) [!/:?]
		at org.ops4j.pax.url.mvn.internal.AetherBasedResolver.resolve(AetherBasedResolver.java:555) [!/:?]
		at org.ops4j.pax.url.mvn.internal.Connection.getInputStream(Connection.java:123) [!/:?]
		at java.net.URL.openStream(URL.java:1161) [?:?]
		at org.apache.karaf.features.internal.service.RepositoryImpl.load(RepositoryImpl.java:114) [!/:?]
		at org.apache.karaf.features.internal.service.RepositoryImpl.<init>(RepositoryImpl.java:51) [!/:?]
		at org.apache.karaf.features.internal.service.RepositoryCacheImpl.create(RepositoryCacheImpl.java:51) [!/:?]
		at org.apache.karaf.features.internal.service.FeaturesServiceImpl.addRepository(FeaturesServiceImpl.java:386) [!/:?]
		at org.apache.karaf.features.command.RepoAddCommand.doExecute(RepoAddCommand.java:54) [!/:?]
		at org.apache.karaf.features.command.FeaturesCommandSupport.execute(FeaturesCommandSupport.java:40) [!/:?]
		at org.apache.karaf.shell.impl.action.command.ActionCommand.execute(ActionCommand.java:88) [!/:4.4.6]
		at org.apache.karaf.shell.impl.console.osgi.secured.SecuredCommand.execute(SecuredCommand.java:68) [!/:4.4.6]
		at org.apache.karaf.shell.impl.console.osgi.secured.SecuredCommand.execute(SecuredCommand.java:86) [!/:4.4.6]
		at org.apache.felix.gogo.runtime.Closure.executeCmd(Closure.java:599) [!/:4.4.6]
		at org.apache.felix.gogo.runtime.Closure.executeStatement(Closure.java:526) [!/:4.4.6]
		at org.apache.felix.gogo.runtime.Closure.execute(Closure.java:415) [!/:4.4.6]
		at org.apache.felix.gogo.runtime.Pipe.doCall(Pipe.java:416) [!/:4.4.6]
		at org.apache.felix.gogo.runtime.Pipe.call(Pipe.java:229) [!/:4.4.6]
		at org.apache.felix.gogo.runtime.Pipe.call(Pipe.java:59) [!/:4.4.6]
		at java.util.concurrent.FutureTask.run(FutureTask.java:264) [?:?]
		at java.util.concurrent.ThreadPoolExecutor.runWorker(ThreadPoolExecutor.java:1136) [?:?]
		at java.util.concurrent.ThreadPoolExecutor$Worker.run(ThreadPoolExecutor.java:635) [?:?]
		at java.lang.Thread.run(Thread.java:840) [?:?]
Caused by: shaded.org.eclipse.aether.resolution.ArtifactResolutionException: Error resolving artifact org.apache.camel.karaf:apache-camel:xml:features:4.5.0
	at shaded.org.eclipse.aether.internal.impl.DefaultArtifactResolver.resolve(DefaultArtifactResolver.java:431) ~[?:?]
	at shaded.org.eclipse.aether.internal.impl.DefaultArtifactResolver.resolveArtifacts(DefaultArtifactResolver.java:235) ~[?:?]
	at shaded.org.eclipse.aether.internal.impl.DefaultArtifactResolver.resolveArtifact(DefaultArtifactResolver.java:212) ~[?:?]
	at shaded.org.eclipse.aether.internal.impl.DefaultRepositorySystem.resolveArtifact(DefaultRepositorySystem.java:272) ~[?:?]
	at org.ops4j.pax.url.mvn.internal.AetherBasedResolver.resolve(AetherBasedResolver.java:767) ~[?:?]
	... 25 more
2026-02-08T11:43:56,209 | ERROR | Karaf ssh console user karaf | ShellUtil                        | 51 - org.apache.karaf.shell.core - 4.4.6 | Exception caught while executing command
java.lang.RuntimeException: Error resolving artifact org.apache.camel.karaf:apache-camel:xml:features:4.5.0: [Could not find artifact org.apache.camel.karaf:apache-camel:xml:features:4.5.0 in central (https://repo1.maven.org/maven2/)] : mvn:org.apache.camel.karaf/apache-camel/4.5.0/xml/features
	at org.apache.karaf.features.internal.service.RepositoryImpl.load(RepositoryImpl.java:121) ~[?:?]
	at org.apache.karaf.features.internal.service.RepositoryImpl.<init>(RepositoryImpl.java:51) ~[?:?]
	at org.apache.karaf.features.internal.service.RepositoryCacheImpl.create(RepositoryCacheImpl.java:51) ~[?:?]
	at org.apache.karaf.features.internal.service.FeaturesServiceImpl.addRepository(FeaturesServiceImpl.java:386) ~[?:?]
	at org.apache.karaf.features.command.RepoAddCommand.doExecute(RepoAddCommand.java:54) ~[?:?]
	at org.apache.karaf.features.command.FeaturesCommandSupport.execute(FeaturesCommandSupport.java:40) ~[?:?]
	at org.apache.karaf.shell.impl.action.command.ActionCommand.execute(ActionCommand.java:88) ~[?:?]
	at org.apache.karaf.shell.impl.console.osgi.secured.SecuredCommand.execute(SecuredCommand.java:68) ~[?:?]
	at org.apache.karaf.shell.impl.console.osgi.secured.SecuredCommand.execute(SecuredCommand.java:86) ~[?:?]
	at org.apache.felix.gogo.runtime.Closure.executeCmd(Closure.java:599) ~[?:?]
	at org.apache.felix.gogo.runtime.Closure.executeStatement(Closure.java:526) ~[?:?]
	at org.apache.felix.gogo.runtime.Closure.execute(Closure.java:415) ~[?:?]
	at org.apache.felix.gogo.runtime.Pipe.doCall(Pipe.java:416) ~[?:?]
	at org.apache.felix.gogo.runtime.Pipe.call(Pipe.java:229) ~[?:?]
	at org.apache.felix.gogo.runtime.Pipe.call(Pipe.java:59) ~[?:?]
	at java.util.concurrent.FutureTask.run(FutureTask.java:264) ~[?:?]
	at java.util.concurrent.ThreadPoolExecutor.runWorker(ThreadPoolExecutor.java:1136) ~[?:?]
	at java.util.concurrent.ThreadPoolExecutor$Worker.run(ThreadPoolExecutor.java:635) ~[?:?]
	at java.lang.Thread.run(Thread.java:840) [?:?]
Caused by: java.io.IOException: Error resolving artifact org.apache.camel.karaf:apache-camel:xml:features:4.5.0: [Could not find artifact org.apache.camel.karaf:apache-camel:xml:features:4.5.0 in central (https://repo1.maven.org/maven2/)]
	at org.ops4j.pax.url.mvn.internal.AetherBasedResolver.configureIOException(AetherBasedResolver.java:803) ~[?:?]
	at org.ops4j.pax.url.mvn.internal.AetherBasedResolver.resolve(AetherBasedResolver.java:774) ~[?:?]
	at org.ops4j.pax.url.mvn.internal.AetherBasedResolver.resolve(AetherBasedResolver.java:657) ~[?:?]
	at org.ops4j.pax.url.mvn.internal.AetherBasedResolver.resolve(AetherBasedResolver.java:598) ~[?:?]
	at org.ops4j.pax.url.mvn.internal.AetherBasedResolver.resolve(AetherBasedResolver.java:565) ~[?:?]
	at org.ops4j.pax.url.mvn.internal.AetherBasedResolver.resolve(AetherBasedResolver.java:555) ~[?:?]
	at org.ops4j.pax.url.mvn.internal.Connection.getInputStream(Connection.java:123) ~[?:?]
	at java.net.URL.openStream(URL.java:1161) ~[?:?]
	at org.apache.karaf.features.internal.service.RepositoryImpl.load(RepositoryImpl.java:114) ~[?:?]
	... 18 more
	Suppressed: shaded.org.eclipse.aether.transfer.ArtifactNotFoundException: Could not find artifact org.apache.camel.karaf:apache-camel:xml:features:4.5.0 in central (https://repo1.maven.org/maven2/)
		at shaded.org.eclipse.aether.connector.basic.ArtifactTransportListener.transferFailed(ArtifactTransportListener.java:48) ~[?:?]
		at shaded.org.eclipse.aether.connector.basic.BasicRepositoryConnector$TaskRunner.run(BasicRepositoryConnector.java:401) ~[?:?]
		at shaded.org.eclipse.aether.util.concurrency.RunnableErrorForwarder.lambda$wrap$0(RunnableErrorForwarder.java:73) ~[?:?]
		at shaded.org.eclipse.aether.connector.basic.BasicRepositoryConnector$DirectExecutor.execute(BasicRepositoryConnector.java:669) ~[?:?]
		at shaded.org.eclipse.aether.connector.basic.BasicRepositoryConnector.get(BasicRepositoryConnector.java:290) ~[?:?]
		at shaded.org.eclipse.aether.internal.impl.DefaultArtifactResolver.performDownloads(DefaultArtifactResolver.java:520) ~[?:?]
		at shaded.org.eclipse.aether.internal.impl.DefaultArtifactResolver.resolve(DefaultArtifactResolver.java:408) ~[?:?]
		at shaded.org.eclipse.aether.internal.impl.DefaultArtifactResolver.resolveArtifacts(DefaultArtifactResolver.java:235) ~[?:?]
		at shaded.org.eclipse.aether.internal.impl.DefaultArtifactResolver.resolveArtifact(DefaultArtifactResolver.java:212) ~[?:?]
		at shaded.org.eclipse.aether.internal.impl.DefaultRepositorySystem.resolveArtifact(DefaultRepositorySystem.java:272) ~[?:?]
		at org.ops4j.pax.url.mvn.internal.AetherBasedResolver.resolve(AetherBasedResolver.java:767) ~[?:?]
		at org.ops4j.pax.url.mvn.internal.AetherBasedResolver.resolve(AetherBasedResolver.java:657) ~[?:?]
		at org.ops4j.pax.url.mvn.internal.AetherBasedResolver.resolve(AetherBasedResolver.java:598) ~[?:?]
		at org.ops4j.pax.url.mvn.internal.AetherBasedResolver.resolve(AetherBasedResolver.java:565) ~[?:?]
		at org.ops4j.pax.url.mvn.internal.AetherBasedResolver.resolve(AetherBasedResolver.java:555) ~[?:?]
		at org.ops4j.pax.url.mvn.internal.Connection.getInputStream(Connection.java:123) ~[?:?]
		at java.net.URL.openStream(URL.java:1161) ~[?:?]
		at org.apache.karaf.features.internal.service.RepositoryImpl.load(RepositoryImpl.java:114) ~[?:?]
		at org.apache.karaf.features.internal.service.RepositoryImpl.<init>(RepositoryImpl.java:51) ~[?:?]
		at org.apache.karaf.features.internal.service.RepositoryCacheImpl.create(RepositoryCacheImpl.java:51) ~[?:?]
		at org.apache.karaf.features.internal.service.FeaturesServiceImpl.addRepository(FeaturesServiceImpl.java:386) ~[?:?]
		at org.apache.karaf.features.command.RepoAddCommand.doExecute(RepoAddCommand.java:54) ~[?:?]
		at org.apache.karaf.features.command.FeaturesCommandSupport.execute(FeaturesCommandSupport.java:40) ~[?:?]
		at org.apache.karaf.shell.impl.action.command.ActionCommand.execute(ActionCommand.java:88) ~[?:?]
		at org.apache.karaf.shell.impl.console.osgi.secured.SecuredCommand.execute(SecuredCommand.java:68) ~[?:?]
		at org.apache.karaf.shell.impl.console.osgi.secured.SecuredCommand.execute(SecuredCommand.java:86) ~[?:?]
		at org.apache.felix.gogo.runtime.Closure.executeCmd(Closure.java:599) ~[?:?]
		at org.apache.felix.gogo.runtime.Closure.executeStatement(Closure.java:526) ~[?:?]
		at org.apache.felix.gogo.runtime.Closure.execute(Closure.java:415) ~[?:?]
		at org.apache.felix.gogo.runtime.Pipe.doCall(Pipe.java:416) ~[?:?]
		at org.apache.felix.gogo.runtime.Pipe.call(Pipe.java:229) ~[?:?]
		at org.apache.felix.gogo.runtime.Pipe.call(Pipe.java:59) ~[?:?]
		at java.util.concurrent.FutureTask.run(FutureTask.java:264) ~[?:?]
		at java.util.concurrent.ThreadPoolExecutor.runWorker(ThreadPoolExecutor.java:1136) ~[?:?]
		at java.util.concurrent.ThreadPoolExecutor$Worker.run(ThreadPoolExecutor.java:635) ~[?:?]
		at java.lang.Thread.run(Thread.java:840) [?:?]
Caused by: shaded.org.eclipse.aether.resolution.ArtifactResolutionException: Error resolving artifact org.apache.camel.karaf:apache-camel:xml:features:4.5.0
	at shaded.org.eclipse.aether.internal.impl.DefaultArtifactResolver.resolve(DefaultArtifactResolver.java:431) ~[?:?]
	at shaded.org.eclipse.aether.internal.impl.DefaultArtifactResolver.resolveArtifacts(DefaultArtifactResolver.java:235) ~[?:?]
	at shaded.org.eclipse.aether.internal.impl.DefaultArtifactResolver.resolveArtifact(DefaultArtifactResolver.java:212) ~[?:?]
	at shaded.org.eclipse.aether.internal.impl.DefaultRepositorySystem.resolveArtifact(DefaultRepositorySystem.java:272) ~[?:?]
	at org.ops4j.pax.url.mvn.internal.AetherBasedResolver.resolve(AetherBasedResolver.java:767) ~[?:?]
	at org.ops4j.pax.url.mvn.internal.AetherBasedResolver.resolve(AetherBasedResolver.java:657) ~[?:?]
	at org.ops4j.pax.url.mvn.internal.AetherBasedResolver.resolve(AetherBasedResolver.java:598) ~[?:?]
	at org.ops4j.pax.url.mvn.internal.AetherBasedResolver.resolve(AetherBasedResolver.java:565) ~[?:?]
	at org.ops4j.pax.url.mvn.internal.AetherBasedResolver.resolve(AetherBasedResolver.java:555) ~[?:?]
	at org.ops4j.pax.url.mvn.internal.Connection.getInputStream(Connection.java:123) ~[?:?]
	at java.net.URL.openStream(URL.java:1161) ~[?:?]
	at org.apache.karaf.features.internal.service.RepositoryImpl.load(RepositoryImpl.java:114) ~[?:?]
	... 18 more
2026-02-08T11:44:19,151 | WARN  | pipe-feature:repo-add camel 4.4.0 | AetherBasedResolver              | 3 - org.ops4j.pax.url.mvn - 2.6.14 | Error resolving artifact org.apache.camel.karaf:apache-camel:xml:features:4.4.0: [Could not find artifact org.apache.camel.karaf:apache-camel:xml:features:4.4.0 in central (https://repo1.maven.org/maven2/)]
java.io.IOException: Error resolving artifact org.apache.camel.karaf:apache-camel:xml:features:4.4.0: [Could not find artifact org.apache.camel.karaf:apache-camel:xml:features:4.4.0 in central (https://repo1.maven.org/maven2/)]
	at org.ops4j.pax.url.mvn.internal.AetherBasedResolver.configureIOException(AetherBasedResolver.java:803) [!/:?]
	at org.ops4j.pax.url.mvn.internal.AetherBasedResolver.resolve(AetherBasedResolver.java:774) [!/:?]
	at org.ops4j.pax.url.mvn.internal.AetherBasedResolver.resolve(AetherBasedResolver.java:657) [!/:?]
	at org.ops4j.pax.url.mvn.internal.AetherBasedResolver.resolve(AetherBasedResolver.java:598) [!/:?]
	at org.ops4j.pax.url.mvn.internal.AetherBasedResolver.resolve(AetherBasedResolver.java:565) [!/:?]
	at org.ops4j.pax.url.mvn.internal.AetherBasedResolver.resolve(AetherBasedResolver.java:555) [!/:?]
	at org.ops4j.pax.url.mvn.internal.Connection.getInputStream(Connection.java:123) [!/:?]
	at java.net.URL.openStream(URL.java:1161) [?:?]
	at org.apache.karaf.features.internal.service.RepositoryImpl.load(RepositoryImpl.java:114) [!/:?]
	at org.apache.karaf.features.internal.service.RepositoryImpl.<init>(RepositoryImpl.java:51) [!/:?]
	at org.apache.karaf.features.internal.service.RepositoryCacheImpl.create(RepositoryCacheImpl.java:51) [!/:?]
	at org.apache.karaf.features.internal.service.FeaturesServiceImpl.addRepository(FeaturesServiceImpl.java:386) [!/:?]
	at org.apache.karaf.features.command.RepoAddCommand.doExecute(RepoAddCommand.java:54) [!/:?]
	at org.apache.karaf.features.command.FeaturesCommandSupport.execute(FeaturesCommandSupport.java:40) [!/:?]
	at org.apache.karaf.shell.impl.action.command.ActionCommand.execute(ActionCommand.java:88) [!/:4.4.6]
	at org.apache.karaf.shell.impl.console.osgi.secured.SecuredCommand.execute(SecuredCommand.java:68) [!/:4.4.6]
	at org.apache.karaf.shell.impl.console.osgi.secured.SecuredCommand.execute(SecuredCommand.java:86) [!/:4.4.6]
	at org.apache.felix.gogo.runtime.Closure.executeCmd(Closure.java:599) [!/:4.4.6]
	at org.apache.felix.gogo.runtime.Closure.executeStatement(Closure.java:526) [!/:4.4.6]
	at org.apache.felix.gogo.runtime.Closure.execute(Closure.java:415) [!/:4.4.6]
	at org.apache.felix.gogo.runtime.Pipe.doCall(Pipe.java:416) [!/:4.4.6]
	at org.apache.felix.gogo.runtime.Pipe.call(Pipe.java:229) [!/:4.4.6]
	at org.apache.felix.gogo.runtime.Pipe.call(Pipe.java:59) [!/:4.4.6]
	at java.util.concurrent.FutureTask.run(FutureTask.java:264) [?:?]
	at java.util.concurrent.ThreadPoolExecutor.runWorker(ThreadPoolExecutor.java:1136) [?:?]
	at java.util.concurrent.ThreadPoolExecutor$Worker.run(ThreadPoolExecutor.java:635) [?:?]
	at java.lang.Thread.run(Thread.java:840) [?:?]
	Suppressed: shaded.org.eclipse.aether.transfer.ArtifactNotFoundException: Could not find artifact org.apache.camel.karaf:apache-camel:xml:features:4.4.0 in central (https://repo1.maven.org/maven2/)
		at shaded.org.eclipse.aether.connector.basic.ArtifactTransportListener.transferFailed(ArtifactTransportListener.java:48) ~[!/:?]
		at shaded.org.eclipse.aether.connector.basic.BasicRepositoryConnector$TaskRunner.run(BasicRepositoryConnector.java:401) ~[!/:?]
		at shaded.org.eclipse.aether.util.concurrency.RunnableErrorForwarder.lambda$wrap$0(RunnableErrorForwarder.java:73) ~[!/:?]
		at shaded.org.eclipse.aether.connector.basic.BasicRepositoryConnector$DirectExecutor.execute(BasicRepositoryConnector.java:669) ~[!/:?]
		at shaded.org.eclipse.aether.connector.basic.BasicRepositoryConnector.get(BasicRepositoryConnector.java:290) ~[!/:?]
		at shaded.org.eclipse.aether.internal.impl.DefaultArtifactResolver.performDownloads(DefaultArtifactResolver.java:520) ~[!/:?]
		at shaded.org.eclipse.aether.internal.impl.DefaultArtifactResolver.resolve(DefaultArtifactResolver.java:408) ~[!/:?]
		at shaded.org.eclipse.aether.internal.impl.DefaultArtifactResolver.resolveArtifacts(DefaultArtifactResolver.java:235) ~[!/:?]
		at shaded.org.eclipse.aether.internal.impl.DefaultArtifactResolver.resolveArtifact(DefaultArtifactResolver.java:212) ~[!/:?]
		at shaded.org.eclipse.aether.internal.impl.DefaultRepositorySystem.resolveArtifact(DefaultRepositorySystem.java:272) ~[!/:?]
		at org.ops4j.pax.url.mvn.internal.AetherBasedResolver.resolve(AetherBasedResolver.java:767) [!/:?]
		at org.ops4j.pax.url.mvn.internal.AetherBasedResolver.resolve(AetherBasedResolver.java:657) [!/:?]
		at org.ops4j.pax.url.mvn.internal.AetherBasedResolver.resolve(AetherBasedResolver.java:598) [!/:?]
		at org.ops4j.pax.url.mvn.internal.AetherBasedResolver.resolve(AetherBasedResolver.java:565) [!/:?]
		at org.ops4j.pax.url.mvn.internal.AetherBasedResolver.resolve(AetherBasedResolver.java:555) [!/:?]
		at org.ops4j.pax.url.mvn.internal.Connection.getInputStream(Connection.java:123) [!/:?]
		at java.net.URL.openStream(URL.java:1161) [?:?]
		at org.apache.karaf.features.internal.service.RepositoryImpl.load(RepositoryImpl.java:114) [!/:?]
		at org.apache.karaf.features.internal.service.RepositoryImpl.<init>(RepositoryImpl.java:51) [!/:?]
		at org.apache.karaf.features.internal.service.RepositoryCacheImpl.create(RepositoryCacheImpl.java:51) [!/:?]
		at org.apache.karaf.features.internal.service.FeaturesServiceImpl.addRepository(FeaturesServiceImpl.java:386) [!/:?]
		at org.apache.karaf.features.command.RepoAddCommand.doExecute(RepoAddCommand.java:54) [!/:?]
		at org.apache.karaf.features.command.FeaturesCommandSupport.execute(FeaturesCommandSupport.java:40) [!/:?]
		at org.apache.karaf.shell.impl.action.command.ActionCommand.execute(ActionCommand.java:88) [!/:4.4.6]
		at org.apache.karaf.shell.impl.console.osgi.secured.SecuredCommand.execute(SecuredCommand.java:68) [!/:4.4.6]
		at org.apache.karaf.shell.impl.console.osgi.secured.SecuredCommand.execute(SecuredCommand.java:86) [!/:4.4.6]
		at org.apache.felix.gogo.runtime.Closure.executeCmd(Closure.java:599) [!/:4.4.6]
		at org.apache.felix.gogo.runtime.Closure.executeStatement(Closure.java:526) [!/:4.4.6]
		at org.apache.felix.gogo.runtime.Closure.execute(Closure.java:415) [!/:4.4.6]
		at org.apache.felix.gogo.runtime.Pipe.doCall(Pipe.java:416) [!/:4.4.6]
		at org.apache.felix.gogo.runtime.Pipe.call(Pipe.java:229) [!/:4.4.6]
		at org.apache.felix.gogo.runtime.Pipe.call(Pipe.java:59) [!/:4.4.6]
		at java.util.concurrent.FutureTask.run(FutureTask.java:264) [?:?]
		at java.util.concurrent.ThreadPoolExecutor.runWorker(ThreadPoolExecutor.java:1136) [?:?]
		at java.util.concurrent.ThreadPoolExecutor$Worker.run(ThreadPoolExecutor.java:635) [?:?]
		at java.lang.Thread.run(Thread.java:840) [?:?]
Caused by: shaded.org.eclipse.aether.resolution.ArtifactResolutionException: Error resolving artifact org.apache.camel.karaf:apache-camel:xml:features:4.4.0
	at shaded.org.eclipse.aether.internal.impl.DefaultArtifactResolver.resolve(DefaultArtifactResolver.java:431) ~[?:?]
	at shaded.org.eclipse.aether.internal.impl.DefaultArtifactResolver.resolveArtifacts(DefaultArtifactResolver.java:235) ~[?:?]
	at shaded.org.eclipse.aether.internal.impl.DefaultArtifactResolver.resolveArtifact(DefaultArtifactResolver.java:212) ~[?:?]
	at shaded.org.eclipse.aether.internal.impl.DefaultRepositorySystem.resolveArtifact(DefaultRepositorySystem.java:272) ~[?:?]
	at org.ops4j.pax.url.mvn.internal.AetherBasedResolver.resolve(AetherBasedResolver.java:767) ~[?:?]
	... 25 more
2026-02-08T11:44:19,155 | ERROR | Karaf ssh console user karaf | ShellUtil                        | 51 - org.apache.karaf.shell.core - 4.4.6 | Exception caught while executing command
java.lang.RuntimeException: Error resolving artifact org.apache.camel.karaf:apache-camel:xml:features:4.4.0: [Could not find artifact org.apache.camel.karaf:apache-camel:xml:features:4.4.0 in central (https://repo1.maven.org/maven2/)] : mvn:org.apache.camel.karaf/apache-camel/4.4.0/xml/features
	at org.apache.karaf.features.internal.service.RepositoryImpl.load(RepositoryImpl.java:121) ~[?:?]
	at org.apache.karaf.features.internal.service.RepositoryImpl.<init>(RepositoryImpl.java:51) ~[?:?]
	at org.apache.karaf.features.internal.service.RepositoryCacheImpl.create(RepositoryCacheImpl.java:51) ~[?:?]
	at org.apache.karaf.features.internal.service.FeaturesServiceImpl.addRepository(FeaturesServiceImpl.java:386) ~[?:?]
	at org.apache.karaf.features.command.RepoAddCommand.doExecute(RepoAddCommand.java:54) ~[?:?]
	at org.apache.karaf.features.command.FeaturesCommandSupport.execute(FeaturesCommandSupport.java:40) ~[?:?]
	at org.apache.karaf.shell.impl.action.command.ActionCommand.execute(ActionCommand.java:88) ~[?:?]
	at org.apache.karaf.shell.impl.console.osgi.secured.SecuredCommand.execute(SecuredCommand.java:68) ~[?:?]
	at org.apache.karaf.shell.impl.console.osgi.secured.SecuredCommand.execute(SecuredCommand.java:86) ~[?:?]
	at org.apache.felix.gogo.runtime.Closure.executeCmd(Closure.java:599) ~[?:?]
	at org.apache.felix.gogo.runtime.Closure.executeStatement(Closure.java:526) ~[?:?]
	at org.apache.felix.gogo.runtime.Closure.execute(Closure.java:415) ~[?:?]
	at org.apache.felix.gogo.runtime.Pipe.doCall(Pipe.java:416) ~[?:?]
	at org.apache.felix.gogo.runtime.Pipe.call(Pipe.java:229) ~[?:?]
	at org.apache.felix.gogo.runtime.Pipe.call(Pipe.java:59) ~[?:?]
	at java.util.concurrent.FutureTask.run(FutureTask.java:264) ~[?:?]
	at java.util.concurrent.ThreadPoolExecutor.runWorker(ThreadPoolExecutor.java:1136) ~[?:?]
	at java.util.concurrent.ThreadPoolExecutor$Worker.run(ThreadPoolExecutor.java:635) ~[?:?]
	at java.lang.Thread.run(Thread.java:840) [?:?]
Caused by: java.io.IOException: Error resolving artifact org.apache.camel.karaf:apache-camel:xml:features:4.4.0: [Could not find artifact org.apache.camel.karaf:apache-camel:xml:features:4.4.0 in central (https://repo1.maven.org/maven2/)]
	at org.ops4j.pax.url.mvn.internal.AetherBasedResolver.configureIOException(AetherBasedResolver.java:803) ~[?:?]
	at org.ops4j.pax.url.mvn.internal.AetherBasedResolver.resolve(AetherBasedResolver.java:774) ~[?:?]
	at org.ops4j.pax.url.mvn.internal.AetherBasedResolver.resolve(AetherBasedResolver.java:657) ~[?:?]
	at org.ops4j.pax.url.mvn.internal.AetherBasedResolver.resolve(AetherBasedResolver.java:598) ~[?:?]
	at org.ops4j.pax.url.mvn.internal.AetherBasedResolver.resolve(AetherBasedResolver.java:565) ~[?:?]
	at org.ops4j.pax.url.mvn.internal.AetherBasedResolver.resolve(AetherBasedResolver.java:555) ~[?:?]
	at org.ops4j.pax.url.mvn.internal.Connection.getInputStream(Connection.java:123) ~[?:?]
	at java.net.URL.openStream(URL.java:1161) ~[?:?]
	at org.apache.karaf.features.internal.service.RepositoryImpl.load(RepositoryImpl.java:114) ~[?:?]
	... 18 more
	Suppressed: shaded.org.eclipse.aether.transfer.ArtifactNotFoundException: Could not find artifact org.apache.camel.karaf:apache-camel:xml:features:4.4.0 in central (https://repo1.maven.org/maven2/)
		at shaded.org.eclipse.aether.connector.basic.ArtifactTransportListener.transferFailed(ArtifactTransportListener.java:48) ~[?:?]
		at shaded.org.eclipse.aether.connector.basic.BasicRepositoryConnector$TaskRunner.run(BasicRepositoryConnector.java:401) ~[?:?]
		at shaded.org.eclipse.aether.util.concurrency.RunnableErrorForwarder.lambda$wrap$0(RunnableErrorForwarder.java:73) ~[?:?]
		at shaded.org.eclipse.aether.connector.basic.BasicRepositoryConnector$DirectExecutor.execute(BasicRepositoryConnector.java:669) ~[?:?]
		at shaded.org.eclipse.aether.connector.basic.BasicRepositoryConnector.get(BasicRepositoryConnector.java:290) ~[?:?]
		at shaded.org.eclipse.aether.internal.impl.DefaultArtifactResolver.performDownloads(DefaultArtifactResolver.java:520) ~[?:?]
		at shaded.org.eclipse.aether.internal.impl.DefaultArtifactResolver.resolve(DefaultArtifactResolver.java:408) ~[?:?]
		at shaded.org.eclipse.aether.internal.impl.DefaultArtifactResolver.resolveArtifacts(DefaultArtifactResolver.java:235) ~[?:?]
		at shaded.org.eclipse.aether.internal.impl.DefaultArtifactResolver.resolveArtifact(DefaultArtifactResolver.java:212) ~[?:?]
		at shaded.org.eclipse.aether.internal.impl.DefaultRepositorySystem.resolveArtifact(DefaultRepositorySystem.java:272) ~[?:?]
		at org.ops4j.pax.url.mvn.internal.AetherBasedResolver.resolve(AetherBasedResolver.java:767) ~[?:?]
		at org.ops4j.pax.url.mvn.internal.AetherBasedResolver.resolve(AetherBasedResolver.java:657) ~[?:?]
		at org.ops4j.pax.url.mvn.internal.AetherBasedResolver.resolve(AetherBasedResolver.java:598) ~[?:?]
		at org.ops4j.pax.url.mvn.internal.AetherBasedResolver.resolve(AetherBasedResolver.java:565) ~[?:?]
		at org.ops4j.pax.url.mvn.internal.AetherBasedResolver.resolve(AetherBasedResolver.java:555) ~[?:?]
		at org.ops4j.pax.url.mvn.internal.Connection.getInputStream(Connection.java:123) ~[?:?]
		at java.net.URL.openStream(URL.java:1161) ~[?:?]
		at org.apache.karaf.features.internal.service.RepositoryImpl.load(RepositoryImpl.java:114) ~[?:?]
		at org.apache.karaf.features.internal.service.RepositoryImpl.<init>(RepositoryImpl.java:51) ~[?:?]
		at org.apache.karaf.features.internal.service.RepositoryCacheImpl.create(RepositoryCacheImpl.java:51) ~[?:?]
		at org.apache.karaf.features.internal.service.FeaturesServiceImpl.addRepository(FeaturesServiceImpl.java:386) ~[?:?]
		at org.apache.karaf.features.command.RepoAddCommand.doExecute(RepoAddCommand.java:54) ~[?:?]
		at org.apache.karaf.features.command.FeaturesCommandSupport.execute(FeaturesCommandSupport.java:40) ~[?:?]
		at org.apache.karaf.shell.impl.action.command.ActionCommand.execute(ActionCommand.java:88) ~[?:?]
		at org.apache.karaf.shell.impl.console.osgi.secured.SecuredCommand.execute(SecuredCommand.java:68) ~[?:?]
		at org.apache.karaf.shell.impl.console.osgi.secured.SecuredCommand.execute(SecuredCommand.java:86) ~[?:?]
		at org.apache.felix.gogo.runtime.Closure.executeCmd(Closure.java:599) ~[?:?]
		at org.apache.felix.gogo.runtime.Closure.executeStatement(Closure.java:526) ~[?:?]
		at org.apache.felix.gogo.runtime.Closure.execute(Closure.java:415) ~[?:?]
		at org.apache.felix.gogo.runtime.Pipe.doCall(Pipe.java:416) ~[?:?]
		at org.apache.felix.gogo.runtime.Pipe.call(Pipe.java:229) ~[?:?]
		at org.apache.felix.gogo.runtime.Pipe.call(Pipe.java:59) ~[?:?]
		at java.util.concurrent.FutureTask.run(FutureTask.java:264) ~[?:?]
		at java.util.concurrent.ThreadPoolExecutor.runWorker(ThreadPoolExecutor.java:1136) ~[?:?]
		at java.util.concurrent.ThreadPoolExecutor$Worker.run(ThreadPoolExecutor.java:635) ~[?:?]
		at java.lang.Thread.run(Thread.java:840) [?:?]
Caused by: shaded.org.eclipse.aether.resolution.ArtifactResolutionException: Error resolving artifact org.apache.camel.karaf:apache-camel:xml:features:4.4.0
	at shaded.org.eclipse.aether.internal.impl.DefaultArtifactResolver.resolve(DefaultArtifactResolver.java:431) ~[?:?]
	at shaded.org.eclipse.aether.internal.impl.DefaultArtifactResolver.resolveArtifacts(DefaultArtifactResolver.java:235) ~[?:?]
	at shaded.org.eclipse.aether.internal.impl.DefaultArtifactResolver.resolveArtifact(DefaultArtifactResolver.java:212) ~[?:?]
	at shaded.org.eclipse.aether.internal.impl.DefaultRepositorySystem.resolveArtifact(DefaultRepositorySystem.java:272) ~[?:?]
	at org.ops4j.pax.url.mvn.internal.AetherBasedResolver.resolve(AetherBasedResolver.java:767) ~[?:?]
	at org.ops4j.pax.url.mvn.internal.AetherBasedResolver.resolve(AetherBasedResolver.java:657) ~[?:?]
	at org.ops4j.pax.url.mvn.internal.AetherBasedResolver.resolve(AetherBasedResolver.java:598) ~[?:?]
	at org.ops4j.pax.url.mvn.internal.AetherBasedResolver.resolve(AetherBasedResolver.java:565) ~[?:?]
	at org.ops4j.pax.url.mvn.internal.AetherBasedResolver.resolve(AetherBasedResolver.java:555) ~[?:?]
	at org.ops4j.pax.url.mvn.internal.Connection.getInputStream(Connection.java:123) ~[?:?]
	at java.net.URL.openStream(URL.java:1161) ~[?:?]
	at org.apache.karaf.features.internal.service.RepositoryImpl.load(RepositoryImpl.java:114) ~[?:?]
	... 18 more
2026-02-08T11:44:29,041 | WARN  | pipe-feature:repo-add camel 4.1.0 | AetherBasedResolver              | 3 - org.ops4j.pax.url.mvn - 2.6.14 | Error resolving artifact org.apache.camel.karaf:apache-camel:xml:features:4.1.0: [Could not find artifact org.apache.camel.karaf:apache-camel:xml:features:4.1.0 in central (https://repo1.maven.org/maven2/)]
java.io.IOException: Error resolving artifact org.apache.camel.karaf:apache-camel:xml:features:4.1.0: [Could not find artifact org.apache.camel.karaf:apache-camel:xml:features:4.1.0 in central (https://repo1.maven.org/maven2/)]
	at org.ops4j.pax.url.mvn.internal.AetherBasedResolver.configureIOException(AetherBasedResolver.java:803) [!/:?]
	at org.ops4j.pax.url.mvn.internal.AetherBasedResolver.resolve(AetherBasedResolver.java:774) [!/:?]
	at org.ops4j.pax.url.mvn.internal.AetherBasedResolver.resolve(AetherBasedResolver.java:657) [!/:?]
	at org.ops4j.pax.url.mvn.internal.AetherBasedResolver.resolve(AetherBasedResolver.java:598) [!/:?]
	at org.ops4j.pax.url.mvn.internal.AetherBasedResolver.resolve(AetherBasedResolver.java:565) [!/:?]
	at org.ops4j.pax.url.mvn.internal.AetherBasedResolver.resolve(AetherBasedResolver.java:555) [!/:?]
	at org.ops4j.pax.url.mvn.internal.Connection.getInputStream(Connection.java:123) [!/:?]
	at java.net.URL.openStream(URL.java:1161) [?:?]
	at org.apache.karaf.features.internal.service.RepositoryImpl.load(RepositoryImpl.java:114) [!/:?]
	at org.apache.karaf.features.internal.service.RepositoryImpl.<init>(RepositoryImpl.java:51) [!/:?]
	at org.apache.karaf.features.internal.service.RepositoryCacheImpl.create(RepositoryCacheImpl.java:51) [!/:?]
	at org.apache.karaf.features.internal.service.FeaturesServiceImpl.addRepository(FeaturesServiceImpl.java:386) [!/:?]
	at org.apache.karaf.features.command.RepoAddCommand.doExecute(RepoAddCommand.java:54) [!/:?]
	at org.apache.karaf.features.command.FeaturesCommandSupport.execute(FeaturesCommandSupport.java:40) [!/:?]
	at org.apache.karaf.shell.impl.action.command.ActionCommand.execute(ActionCommand.java:88) [!/:4.4.6]
	at org.apache.karaf.shell.impl.console.osgi.secured.SecuredCommand.execute(SecuredCommand.java:68) [!/:4.4.6]
	at org.apache.karaf.shell.impl.console.osgi.secured.SecuredCommand.execute(SecuredCommand.java:86) [!/:4.4.6]
	at org.apache.felix.gogo.runtime.Closure.executeCmd(Closure.java:599) [!/:4.4.6]
	at org.apache.felix.gogo.runtime.Closure.executeStatement(Closure.java:526) [!/:4.4.6]
	at org.apache.felix.gogo.runtime.Closure.execute(Closure.java:415) [!/:4.4.6]
	at org.apache.felix.gogo.runtime.Pipe.doCall(Pipe.java:416) [!/:4.4.6]
	at org.apache.felix.gogo.runtime.Pipe.call(Pipe.java:229) [!/:4.4.6]
	at org.apache.felix.gogo.runtime.Pipe.call(Pipe.java:59) [!/:4.4.6]
	at java.util.concurrent.FutureTask.run(FutureTask.java:264) [?:?]
	at java.util.concurrent.ThreadPoolExecutor.runWorker(ThreadPoolExecutor.java:1136) [?:?]
	at java.util.concurrent.ThreadPoolExecutor$Worker.run(ThreadPoolExecutor.java:635) [?:?]
	at java.lang.Thread.run(Thread.java:840) [?:?]
	Suppressed: shaded.org.eclipse.aether.transfer.ArtifactNotFoundException: Could not find artifact org.apache.camel.karaf:apache-camel:xml:features:4.1.0 in central (https://repo1.maven.org/maven2/)
		at shaded.org.eclipse.aether.connector.basic.ArtifactTransportListener.transferFailed(ArtifactTransportListener.java:48) ~[!/:?]
		at shaded.org.eclipse.aether.connector.basic.BasicRepositoryConnector$TaskRunner.run(BasicRepositoryConnector.java:401) ~[!/:?]
		at shaded.org.eclipse.aether.util.concurrency.RunnableErrorForwarder.lambda$wrap$0(RunnableErrorForwarder.java:73) ~[!/:?]
		at shaded.org.eclipse.aether.connector.basic.BasicRepositoryConnector$DirectExecutor.execute(BasicRepositoryConnector.java:669) ~[!/:?]
		at shaded.org.eclipse.aether.connector.basic.BasicRepositoryConnector.get(BasicRepositoryConnector.java:290) ~[!/:?]
		at shaded.org.eclipse.aether.internal.impl.DefaultArtifactResolver.performDownloads(DefaultArtifactResolver.java:520) ~[!/:?]
		at shaded.org.eclipse.aether.internal.impl.DefaultArtifactResolver.resolve(DefaultArtifactResolver.java:408) ~[!/:?]
		at shaded.org.eclipse.aether.internal.impl.DefaultArtifactResolver.resolveArtifacts(DefaultArtifactResolver.java:235) ~[!/:?]
		at shaded.org.eclipse.aether.internal.impl.DefaultArtifactResolver.resolveArtifact(DefaultArtifactResolver.java:212) ~[!/:?]
		at shaded.org.eclipse.aether.internal.impl.DefaultRepositorySystem.resolveArtifact(DefaultRepositorySystem.java:272) ~[!/:?]
		at org.ops4j.pax.url.mvn.internal.AetherBasedResolver.resolve(AetherBasedResolver.java:767) [!/:?]
		at org.ops4j.pax.url.mvn.internal.AetherBasedResolver.resolve(AetherBasedResolver.java:657) [!/:?]
		at org.ops4j.pax.url.mvn.internal.AetherBasedResolver.resolve(AetherBasedResolver.java:598) [!/:?]
		at org.ops4j.pax.url.mvn.internal.AetherBasedResolver.resolve(AetherBasedResolver.java:565) [!/:?]
		at org.ops4j.pax.url.mvn.internal.AetherBasedResolver.resolve(AetherBasedResolver.java:555) [!/:?]
		at org.ops4j.pax.url.mvn.internal.Connection.getInputStream(Connection.java:123) [!/:?]
		at java.net.URL.openStream(URL.java:1161) [?:?]
		at org.apache.karaf.features.internal.service.RepositoryImpl.load(RepositoryImpl.java:114) [!/:?]
		at org.apache.karaf.features.internal.service.RepositoryImpl.<init>(RepositoryImpl.java:51) [!/:?]
		at org.apache.karaf.features.internal.service.RepositoryCacheImpl.create(RepositoryCacheImpl.java:51) [!/:?]
		at org.apache.karaf.features.internal.service.FeaturesServiceImpl.addRepository(FeaturesServiceImpl.java:386) [!/:?]
		at org.apache.karaf.features.command.RepoAddCommand.doExecute(RepoAddCommand.java:54) [!/:?]
		at org.apache.karaf.features.command.FeaturesCommandSupport.execute(FeaturesCommandSupport.java:40) [!/:?]
		at org.apache.karaf.shell.impl.action.command.ActionCommand.execute(ActionCommand.java:88) [!/:4.4.6]
		at org.apache.karaf.shell.impl.console.osgi.secured.SecuredCommand.execute(SecuredCommand.java:68) [!/:4.4.6]
		at org.apache.karaf.shell.impl.console.osgi.secured.SecuredCommand.execute(SecuredCommand.java:86) [!/:4.4.6]
		at org.apache.felix.gogo.runtime.Closure.executeCmd(Closure.java:599) [!/:4.4.6]
		at org.apache.felix.gogo.runtime.Closure.executeStatement(Closure.java:526) [!/:4.4.6]
		at org.apache.felix.gogo.runtime.Closure.execute(Closure.java:415) [!/:4.4.6]
		at org.apache.felix.gogo.runtime.Pipe.doCall(Pipe.java:416) [!/:4.4.6]
		at org.apache.felix.gogo.runtime.Pipe.call(Pipe.java:229) [!/:4.4.6]
		at org.apache.felix.gogo.runtime.Pipe.call(Pipe.java:59) [!/:4.4.6]
		at java.util.concurrent.FutureTask.run(FutureTask.java:264) [?:?]
		at java.util.concurrent.ThreadPoolExecutor.runWorker(ThreadPoolExecutor.java:1136) [?:?]
		at java.util.concurrent.ThreadPoolExecutor$Worker.run(ThreadPoolExecutor.java:635) [?:?]
		at java.lang.Thread.run(Thread.java:840) [?:?]
Caused by: shaded.org.eclipse.aether.resolution.ArtifactResolutionException: Error resolving artifact org.apache.camel.karaf:apache-camel:xml:features:4.1.0
	at shaded.org.eclipse.aether.internal.impl.DefaultArtifactResolver.resolve(DefaultArtifactResolver.java:431) ~[?:?]
	at shaded.org.eclipse.aether.internal.impl.DefaultArtifactResolver.resolveArtifacts(DefaultArtifactResolver.java:235) ~[?:?]
	at shaded.org.eclipse.aether.internal.impl.DefaultArtifactResolver.resolveArtifact(DefaultArtifactResolver.java:212) ~[?:?]
	at shaded.org.eclipse.aether.internal.impl.DefaultRepositorySystem.resolveArtifact(DefaultRepositorySystem.java:272) ~[?:?]
	at org.ops4j.pax.url.mvn.internal.AetherBasedResolver.resolve(AetherBasedResolver.java:767) ~[?:?]
	... 25 more
2026-02-08T11:44:29,045 | ERROR | Karaf ssh console user karaf | ShellUtil                        | 51 - org.apache.karaf.shell.core - 4.4.6 | Exception caught while executing command
java.lang.RuntimeException: Error resolving artifact org.apache.camel.karaf:apache-camel:xml:features:4.1.0: [Could not find artifact org.apache.camel.karaf:apache-camel:xml:features:4.1.0 in central (https://repo1.maven.org/maven2/)] : mvn:org.apache.camel.karaf/apache-camel/4.1.0/xml/features
	at org.apache.karaf.features.internal.service.RepositoryImpl.load(RepositoryImpl.java:121) ~[?:?]
	at org.apache.karaf.features.internal.service.RepositoryImpl.<init>(RepositoryImpl.java:51) ~[?:?]
	at org.apache.karaf.features.internal.service.RepositoryCacheImpl.create(RepositoryCacheImpl.java:51) ~[?:?]
	at org.apache.karaf.features.internal.service.FeaturesServiceImpl.addRepository(FeaturesServiceImpl.java:386) ~[?:?]
	at org.apache.karaf.features.command.RepoAddCommand.doExecute(RepoAddCommand.java:54) ~[?:?]
	at org.apache.karaf.features.command.FeaturesCommandSupport.execute(FeaturesCommandSupport.java:40) ~[?:?]
	at org.apache.karaf.shell.impl.action.command.ActionCommand.execute(ActionCommand.java:88) ~[?:?]
	at org.apache.karaf.shell.impl.console.osgi.secured.SecuredCommand.execute(SecuredCommand.java:68) ~[?:?]
	at org.apache.karaf.shell.impl.console.osgi.secured.SecuredCommand.execute(SecuredCommand.java:86) ~[?:?]
	at org.apache.felix.gogo.runtime.Closure.executeCmd(Closure.java:599) ~[?:?]
	at org.apache.felix.gogo.runtime.Closure.executeStatement(Closure.java:526) ~[?:?]
	at org.apache.felix.gogo.runtime.Closure.execute(Closure.java:415) ~[?:?]
	at org.apache.felix.gogo.runtime.Pipe.doCall(Pipe.java:416) ~[?:?]
	at org.apache.felix.gogo.runtime.Pipe.call(Pipe.java:229) ~[?:?]
	at org.apache.felix.gogo.runtime.Pipe.call(Pipe.java:59) ~[?:?]
	at java.util.concurrent.FutureTask.run(FutureTask.java:264) ~[?:?]
	at java.util.concurrent.ThreadPoolExecutor.runWorker(ThreadPoolExecutor.java:1136) ~[?:?]
	at java.util.concurrent.ThreadPoolExecutor$Worker.run(ThreadPoolExecutor.java:635) ~[?:?]
	at java.lang.Thread.run(Thread.java:840) [?:?]
Caused by: java.io.IOException: Error resolving artifact org.apache.camel.karaf:apache-camel:xml:features:4.1.0: [Could not find artifact org.apache.camel.karaf:apache-camel:xml:features:4.1.0 in central (https://repo1.maven.org/maven2/)]
	at org.ops4j.pax.url.mvn.internal.AetherBasedResolver.configureIOException(AetherBasedResolver.java:803) ~[?:?]
	at org.ops4j.pax.url.mvn.internal.AetherBasedResolver.resolve(AetherBasedResolver.java:774) ~[?:?]
	at org.ops4j.pax.url.mvn.internal.AetherBasedResolver.resolve(AetherBasedResolver.java:657) ~[?:?]
	at org.ops4j.pax.url.mvn.internal.AetherBasedResolver.resolve(AetherBasedResolver.java:598) ~[?:?]
	at org.ops4j.pax.url.mvn.internal.AetherBasedResolver.resolve(AetherBasedResolver.java:565) ~[?:?]
	at org.ops4j.pax.url.mvn.internal.AetherBasedResolver.resolve(AetherBasedResolver.java:555) ~[?:?]
	at org.ops4j.pax.url.mvn.internal.Connection.getInputStream(Connection.java:123) ~[?:?]
	at java.net.URL.openStream(URL.java:1161) ~[?:?]
	at org.apache.karaf.features.internal.service.RepositoryImpl.load(RepositoryImpl.java:114) ~[?:?]
	... 18 more
	Suppressed: shaded.org.eclipse.aether.transfer.ArtifactNotFoundException: Could not find artifact org.apache.camel.karaf:apache-camel:xml:features:4.1.0 in central (https://repo1.maven.org/maven2/)
		at shaded.org.eclipse.aether.connector.basic.ArtifactTransportListener.transferFailed(ArtifactTransportListener.java:48) ~[?:?]
		at shaded.org.eclipse.aether.connector.basic.BasicRepositoryConnector$TaskRunner.run(BasicRepositoryConnector.java:401) ~[?:?]
		at shaded.org.eclipse.aether.util.concurrency.RunnableErrorForwarder.lambda$wrap$0(RunnableErrorForwarder.java:73) ~[?:?]
		at shaded.org.eclipse.aether.connector.basic.BasicRepositoryConnector$DirectExecutor.execute(BasicRepositoryConnector.java:669) ~[?:?]
		at shaded.org.eclipse.aether.connector.basic.BasicRepositoryConnector.get(BasicRepositoryConnector.java:290) ~[?:?]
		at shaded.org.eclipse.aether.internal.impl.DefaultArtifactResolver.performDownloads(DefaultArtifactResolver.java:520) ~[?:?]
		at shaded.org.eclipse.aether.internal.impl.DefaultArtifactResolver.resolve(DefaultArtifactResolver.java:408) ~[?:?]
		at shaded.org.eclipse.aether.internal.impl.DefaultArtifactResolver.resolveArtifacts(DefaultArtifactResolver.java:235) ~[?:?]
		at shaded.org.eclipse.aether.internal.impl.DefaultArtifactResolver.resolveArtifact(DefaultArtifactResolver.java:212) ~[?:?]
		at shaded.org.eclipse.aether.internal.impl.DefaultRepositorySystem.resolveArtifact(DefaultRepositorySystem.java:272) ~[?:?]
		at org.ops4j.pax.url.mvn.internal.AetherBasedResolver.resolve(AetherBasedResolver.java:767) ~[?:?]
		at org.ops4j.pax.url.mvn.internal.AetherBasedResolver.resolve(AetherBasedResolver.java:657) ~[?:?]
		at org.ops4j.pax.url.mvn.internal.AetherBasedResolver.resolve(AetherBasedResolver.java:598) ~[?:?]
		at org.ops4j.pax.url.mvn.internal.AetherBasedResolver.resolve(AetherBasedResolver.java:565) ~[?:?]
		at org.ops4j.pax.url.mvn.internal.AetherBasedResolver.resolve(AetherBasedResolver.java:555) ~[?:?]
		at org.ops4j.pax.url.mvn.internal.Connection.getInputStream(Connection.java:123) ~[?:?]
		at java.net.URL.openStream(URL.java:1161) ~[?:?]
		at org.apache.karaf.features.internal.service.RepositoryImpl.load(RepositoryImpl.java:114) ~[?:?]
		at org.apache.karaf.features.internal.service.RepositoryImpl.<init>(RepositoryImpl.java:51) ~[?:?]
		at org.apache.karaf.features.internal.service.RepositoryCacheImpl.create(RepositoryCacheImpl.java:51) ~[?:?]
		at org.apache.karaf.features.internal.service.FeaturesServiceImpl.addRepository(FeaturesServiceImpl.java:386) ~[?:?]
		at org.apache.karaf.features.command.RepoAddCommand.doExecute(RepoAddCommand.java:54) ~[?:?]
		at org.apache.karaf.features.command.FeaturesCommandSupport.execute(FeaturesCommandSupport.java:40) ~[?:?]
		at org.apache.karaf.shell.impl.action.command.ActionCommand.execute(ActionCommand.java:88) ~[?:?]
		at org.apache.karaf.shell.impl.console.osgi.secured.SecuredCommand.execute(SecuredCommand.java:68) ~[?:?]
		at org.apache.karaf.shell.impl.console.osgi.secured.SecuredCommand.execute(SecuredCommand.java:86) ~[?:?]
		at org.apache.felix.gogo.runtime.Closure.executeCmd(Closure.java:599) ~[?:?]
		at org.apache.felix.gogo.runtime.Closure.executeStatement(Closure.java:526) ~[?:?]
		at org.apache.felix.gogo.runtime.Closure.execute(Closure.java:415) ~[?:?]
		at org.apache.felix.gogo.runtime.Pipe.doCall(Pipe.java:416) ~[?:?]
		at org.apache.felix.gogo.runtime.Pipe.call(Pipe.java:229) ~[?:?]
		at org.apache.felix.gogo.runtime.Pipe.call(Pipe.java:59) ~[?:?]
		at java.util.concurrent.FutureTask.run(FutureTask.java:264) ~[?:?]
		at java.util.concurrent.ThreadPoolExecutor.runWorker(ThreadPoolExecutor.java:1136) ~[?:?]
		at java.util.concurrent.ThreadPoolExecutor$Worker.run(ThreadPoolExecutor.java:635) ~[?:?]
		at java.lang.Thread.run(Thread.java:840) [?:?]
Caused by: shaded.org.eclipse.aether.resolution.ArtifactResolutionException: Error resolving artifact org.apache.camel.karaf:apache-camel:xml:features:4.1.0
	at shaded.org.eclipse.aether.internal.impl.DefaultArtifactResolver.resolve(DefaultArtifactResolver.java:431) ~[?:?]
	at shaded.org.eclipse.aether.internal.impl.DefaultArtifactResolver.resolveArtifacts(DefaultArtifactResolver.java:235) ~[?:?]
	at shaded.org.eclipse.aether.internal.impl.DefaultArtifactResolver.resolveArtifact(DefaultArtifactResolver.java:212) ~[?:?]
	at shaded.org.eclipse.aether.internal.impl.DefaultRepositorySystem.resolveArtifact(DefaultRepositorySystem.java:272) ~[?:?]
	at org.ops4j.pax.url.mvn.internal.AetherBasedResolver.resolve(AetherBasedResolver.java:767) ~[?:?]
	at org.ops4j.pax.url.mvn.internal.AetherBasedResolver.resolve(AetherBasedResolver.java:657) ~[?:?]
	at org.ops4j.pax.url.mvn.internal.AetherBasedResolver.resolve(AetherBasedResolver.java:598) ~[?:?]
	at org.ops4j.pax.url.mvn.internal.AetherBasedResolver.resolve(AetherBasedResolver.java:565) ~[?:?]
	at org.ops4j.pax.url.mvn.internal.AetherBasedResolver.resolve(AetherBasedResolver.java:555) ~[?:?]
	at org.ops4j.pax.url.mvn.internal.Connection.getInputStream(Connection.java:123) ~[?:?]
	at java.net.URL.openStream(URL.java:1161) ~[?:?]
	at org.apache.karaf.features.internal.service.RepositoryImpl.load(RepositoryImpl.java:114) ~[?:?]
	... 18 more
2026-02-08T12:14:44,686 | INFO  | sshd-SshServer[35cb4302](port=8101)-timer-thread-1 | ServerSessionImpl                | 60 - org.apache.sshd.osgi - 2.12.1 | Disconnecting(ServerSessionImpl[karaf@/192.168.127.1:22444]): SSH2_DISCONNECT_PROTOCOL_ERROR - Detected IdleTimeout after 1800374/1800000 ms.
